g2p id,gene symbol,gene mim,hgnc id,previous gene symbols,disease name,disease mim,disease MONDO,allelic requirement,cross cutting modifier,confidence,inferred variant consequence,variant types,molecular mechanism,molecular mechanism categorisation,molecular mechanism evidence,phenotypes,publications,panel,comments,date of last review
G2P00012,FGFR3,134934,HGNC:3690,ACH; CD333; CEK2; JTK4,FGFR3-related lacrimo-auriculo-dento-digital syndrome (LADD) ,149730,,monoallelic_autosomal,,definitive,altered gene product structure,inframe_insertion; missense_variant; inframe_deletion,undetermined,inferred,,HP:0003974; HP:0004209; HP:0003022; HP:0000579; HP:0000974; HP:0007656; HP:0007732; HP:0007892; HP:0007900; HP:0010055; HP:0008743; HP:0002984; HP:0005707; HP:0100258; HP:0006297; HP:0011065; HP:0009462; HP:0009740; HP:0009741; HP:0009944; HP:0000104; HP:0100583; HP:0000006; HP:0000198; HP:0000217; HP:0000316; HP:0000337; HP:0000378; HP:0000410; HP:0000494; HP:0000620; HP:0000629; HP:0000668; HP:0000670; HP:0000680; HP:0001092; HP:0001233; HP:0001245,28483234; 16501574,DD; Eye; Skeletal,,2024-08-22 18:59:21+00:00
G2P00033,SCN2A,182390,HGNC:10588,HBSCI; HBSCII; NAV1.2; SCN2A1; SCN2A2,SCN2A-related nonspecific severe intellectual disability,,,monoallelic_autosomal,,definitive,absent gene product,,loss of function,inferred,,,30062040,DD,,2015-07-22 16:14:11+00:00
G2P00037,COL2A1,120140,HGNC:2200,AOM; SEDC; STL1,COL2A1-related Kniest dysplasia,156550,,monoallelic_autosomal,restricted mutation set,definitive,altered gene product structure,,dominant negative,inferred,,HP:0003273; HP:0000926; HP:0001288; HP:0003417; HP:0003521; HP:0002663; HP:0003015; HP:0003037; HP:0004619; HP:0002098; HP:0000947; HP:0002829; HP:0000541; HP:0000518; HP:0008271; HP:0000405; HP:0002779; HP:0002827; HP:0008839; HP:0000175; HP:0001270; HP:0002812; HP:0005280; HP:0006172; HP:0000545; HP:0200003; HP:0000006; HP:0000023; HP:0000272; HP:0000311; HP:0000403; HP:0000470; HP:0000520; HP:0001537,7874117; 7981752; 7849719; 26626311; 26443184; 8702139; 8863156; 8893763; 9452022,DD; Eye; Skeletal,,2023-05-24 09:07:26+00:00
G2P00044,LRP5,603506,HGNC:6697,BMND1; EVR1; EVR4; HBM; LR3; LRP7; OPPG; OPS; OPTA1; VBCH2,LRP5-related osteopetrosis,601884,,monoallelic_autosomal,restricted mutation set,definitive,altered gene product structure,inframe_insertion; missense_variant; inframe_deletion,gain of function,inferred,,HP:0001939; HP:0002644; HP:0000925; HP:0001507; HP:0000935; HP:0004425; HP:0004563; HP:0002315; HP:0008114; HP:0000407; HP:0000405; HP:0000689; HP:0002684; HP:0005789; HP:0006174; HP:0100789; HP:0100861; HP:0100923; HP:0000006,14727154; 11741193; 12579474,DD; Skeletal,,2024-09-11 14:04:28+00:00
G2P00140,TCF4,602272,HGNC:11634,BHLHB19; E2-2; ITF2; SEF2-1B,TCF4-related Pitt-Hopkins syndrome,610954,,monoallelic_autosomal,,definitive,absent gene product,,loss of function,inferred,,HP:0001252; HP:0000252; HP:0002883; HP:0001250; HP:0002066; HP:0000954; HP:0000028; HP:0000718; HP:0002019; HP:0002020; HP:0002079; HP:0001270; HP:0002311; HP:0000486; HP:0000687; HP:0000545; HP:0000483; HP:0006887; HP:0010864; HP:0001763; HP:0001217; HP:0000194; HP:0000006; HP:0000054; HP:0000280; HP:0000293; HP:0000322; HP:0000341; HP:0000378; HP:0000431; HP:0000470; HP:0000490; HP:0000582; HP:0001182; HP:0001344; HP:0001786,18728071; 17436255; 17436254; 30848346; 29695756; 29604340; 27132474; 23528641; 22670824; 22045651; 20205897; 20184619; 19938247; 19235238,DD,,2025-01-28 09:32:35+00:00
G2P00144,FGFR2,176943,HGNC:3689,BEK; CD332; CEK3; CFD1; ECT1; JWS; K-SAM; KGFR; TK14; TK25,FGFR2-related Crouzon syndrome,123500,,monoallelic_autosomal,restricted mutation set,definitive,altered gene product structure,,gain of function,inferred,,HP:0003319; HP:0004440; HP:0004442; HP:0004443; HP:0000248; HP:0000505; HP:0001250; HP:0000509; HP:0000648; HP:0000405; HP:0002007; HP:0001249; HP:0001739; HP:0010535; HP:0000486; HP:0000327; HP:0000413; HP:0000006; HP:0000303; HP:0000316; HP:0000586; HP:0000678,9152842; 7987400; 7581378; 15523492; 7874170; 22038757; 7607643; 7655462; 9677057; 8528214; 17621648; 7558045; 7773284; 8956050; 10574673,DD; Skin; Skeletal,,2025-01-21 21:25:35+00:00
G2P00211,BCOR,300485,HGNC:20893,FLJ20285; KIAA1575,BCOR-related syndromic microphthalmia ,300166,,monoallelic_X_heterozygous,,definitive,absent gene product,,loss of function,inferred,,HP:0004322; HP:0000252; HP:0004691; HP:0001634; HP:0000599; HP:0002974; HP:0007968; HP:0001631; HP:0000568; HP:0000508; HP:0007733; HP:0007833; HP:0000572; HP:0000581; HP:0000501; HP:0000407; HP:0001153; HP:0000175; HP:0000689; HP:0011324; HP:0000528; HP:0001629; HP:0001643; HP:0000677; HP:0001549; HP:0000684; HP:0030027; HP:0011069; HP:0006335; HP:0000577; HP:0010722; HP:0040080; HP:0011090; HP:0000176; HP:0000193; HP:0000275; HP:0000276; HP:0000343; HP:0000358; HP:0000426; HP:0000455; HP:0000456; HP:0000482; HP:0000574; HP:0001126; HP:0001256; HP:0001423; HP:0001650; HP:0001765,15957158; 15004558; 19367324; 15770227; 28317252; 31048080; 29974297; 23557072; 25337074; 26108280; 26196063; 29058245,DD; Eye,,2017-05-10 16:46:51+00:00
G2P00249,PRRX1,167420,HGNC:9142,PHOX1; PMX1,PRRX1-related agnathia-otocephaly complex,202650,,monoallelic_autosomal,restricted mutation set,limited,altered gene product structure,,dominant negative,inferred,,HP:0000347; HP:0003812; HP:0000478; HP:0002098; HP:0001360; HP:0000405; HP:0008749; HP:0002779; HP:0000175; HP:0005349; HP:0100663; HP:0000006; HP:0000007; HP:0000160; HP:0000171; HP:0000494; HP:0001274; HP:0001696,22211708; 23444262; 21294718; 22674740; 37154149,DD,,2025-01-27 14:49:20+00:00
G2P00326,ARID1B,614556,HGNC:18040,6A3-5; BAF250B; DAN15; ELD/OSA1; KIAA1235; P250R; SMARCF2,ARID1B-related Coffin-Siris Syndrome,135900,,monoallelic_autosomal,,definitive,absent gene product,,loss of function,inferred,,HP:0011844; HP:0002817; HP:0001155; HP:0001252; HP:0001167; HP:0011297; HP:0000153; HP:0000271; HP:0000929; HP:0000366; HP:0000598; HP:0002500; HP:0000159; HP:0000492; HP:0001263,22426309; 22426308; 22405089; 30349098; 24569609; 26395437; 27474217; 27474218; 27511161; 27570168; 27672547; 28323383; 29504208; 29864107; 30933046; 31105273; 31628733; 31733398; 31981384; 32161024; 32339967; 32462407; 32574611; 32618029; 32924124; 33714239; 33936271; 34056762; 34440449; 34730517; 35315036; 35879281; 35964110; 36352633; 36588753; 34775996,DD; Skin; Skeletal,,2024-12-13 11:11:03+00:00
G2P00353,EHMT1,607001,HGNC:24650,BA188C12.1; EHMT1-IT1; EU-HMTASE1; FLJ12879; FLJ40292; GLP; KIAA1876; KMT1D,EHMT1-related Kleefstra syndrome,,MONDO:0012455,monoallelic_autosomal,,definitive,absent gene product,,loss of function,inferred,,HP:0000047; HP:0001252; HP:0003745; HP:0000733; HP:0000377; HP:0000252; HP:0000248; HP:0001762; HP:0012210; HP:0002205; HP:0000722; HP:0000158; HP:0002360; HP:0001250; HP:0000954; HP:0000365; HP:0000028; HP:0000718; HP:0001513; HP:0000750; HP:0001710; HP:0002020; HP:0001249; HP:0002786; HP:0000741; HP:0006335; HP:0010806; HP:0010808; HP:0010864; HP:0000006; HP:0000054; HP:0000232; HP:0000272; HP:0000280; HP:0000303; HP:0000316; HP:0000463; HP:0000582; HP:0000664; HP:0000695; HP:0000717,19264732; 16826528; 28498556; 28361100; 27123477; 23232695; 25349628; 27651234; 28361099; 29416845; 30370152; 34265435,DD,,2019-03-07 17:30:14+00:00
G2P00368,SZT2,615463,HGNC:29040,C1ORF84; FLJ10387; FLJ34502; KIAA0467; KICS1; RP11-506B15.1; SZT2A; SZT2B,SZT2-related infantile encephalopathy with epilepsy and dysmorphic corpus callosum,615476,,biallelic_autosomal,,strong,absent gene product,,loss of function,inferred,,,23932106; 27248490; 28556953; 28893434; 29696782; 30315519; 30359774; 30560016; 30564332; 30818181; 31146092; 31397114; 32402703; 32723703; 33681650; 35352205; 35773235; 36531768; 37213690; 37760843; 38134649,DD,,2025-01-16 15:11:45+00:00
G2P00371,DNM1,602377,HGNC:2972,DNM,"DNM1-related microcephaly, developmental and epileptic encephalopathy",620352,,monoallelic_autosomal,,strong,altered gene product structure,splice_region_variant; intron_variant; missense_variant,dominant negative,inferred,,HP:0011844; HP:0000951; HP:0002817; HP:0001155; HP:0001252; HP:0001167; HP:0011297; HP:0000164; HP:0000153; HP:0000271; HP:0000929; HP:0000252; HP:0000504; HP:0000505; HP:0002352; HP:0001250; HP:0007477; HP:0001263; HP:0011344,25262651; 34172529; 36413998; 37039969; 26611353; 28667181; 29397573; 29427836; 30455886; 32909139; 34386584; 37132416; 37248033; 38009673,DD,,2025-01-15 23:02:19+00:00
G2P00374,MED13L,608771,HGNC:22962,KIAA1025; THRAP2; TRAP240L,MED13L-related intellectual disability,616789,,monoallelic_autosomal,,strong,absent gene product,,loss of function,inferred,,HP:0000252; HP:0001669; HP:0001263; HP:0000750; HP:0001249,23403903; 29959045; 29511999; 29159987; 28645799; 28371282; 25758992; 25712080; 25137640; 24781760; 29593475; 32646507; 33930262; 34654706; 34713510,DD,,2025-01-16 14:06:36+00:00
G2P00381,ANKRD11,611192,HGNC:21316,ANCO-1; ANCO1; LZ16; T13,ANKRD11-related KBG syndrome,148050,,monoallelic_autosomal,,definitive,decreased gene product level,5_prime_UTR_variant; frameshift_variant; stop_gained,undetermined,inferred,,HP:0002948; HP:0002942; HP:0004322; HP:0002750; HP:0000252; HP:0008438; HP:0001159; HP:0000954; HP:0000028; HP:0001263; HP:0000677; HP:0002162; HP:0001249; HP:0000400; HP:0009466; HP:0001572; HP:0000006; HP:0000294; HP:0000311; HP:0000316; HP:0000325; HP:0000343; HP:0000430; HP:0000463; HP:0000574; HP:0000637; HP:0000891; HP:0000902; HP:0001566,21782149; 30877071; 30088855; 29224748; 28449295; 28250421; 27900361; 27667800; 25838844; 25652421; 25464108; 23494856; 23184435; 36628575; 25424714; 25543316; 26269249; 28566769; 28815928; 31566922; 32820523; 33262785; 33354850; 33476899; 33653342; 33955014; 34247373; 34547584; 35394473; 35598261; 35682590; 35833929; 36584991; 37665295,DD,,2024-01-10 16:24:39+00:00
G2P00410,NF1,613113,HGNC:7765,,NF1-related neurofibromatosis,162200,,monoallelic_autosomal,,definitive,absent gene product,,loss of function,inferred,,HP:0000119; HP:0000707; HP:0000924; HP:0003011; HP:0040064; HP:0002664; HP:0000818; HP:0002414; HP:0001324; HP:0001574; HP:0001626; HP:0001507; HP:0002650; HP:0004322; HP:0000822; HP:0000152; HP:0000478; HP:0000256; HP:0004482; HP:0001909; HP:0001250; HP:0002385; HP:0007340; HP:0000957; HP:0001067; HP:0007565; HP:0000508; HP:0000501; HP:0000028; HP:0000750; HP:0001920; HP:0002162; HP:0000238; HP:0002410; HP:0001328; HP:0002521; HP:0002666; HP:0002857; HP:0002858; HP:0002859; HP:0002864; HP:0002897; HP:0002967; HP:0003002; HP:0005272; HP:0000286; HP:0030052; HP:0001480; HP:0006851; HP:0009735; HP:0010302; HP:0009592; HP:0009732; HP:0009734; HP:0009736; HP:0009737; HP:0001642; HP:0100697; HP:0100723; HP:0000006; HP:0000272; HP:0000316; HP:0000358; HP:0000369; HP:0000465; HP:0000470; HP:0000494; HP:0000915; HP:0000917; HP:0000997; HP:0001256; HP:0001548; HP:0001684,12707950; 19845691; 15520408; 15523642; 19449407; 9003501; 7633431; 1568247; 1783401; 1719426; 11258625; 9668168; 10712197; 10677298; 8664912; 1937470; 12438263; 13680360; 1302608; 15948193; 12483293; 8317503; 11704931; 1745350; 9529361; 11389087; 7655472; 30308447; 1377942; 1757093; 2134734; 2516456; 2517530; 2517531; 2517532; 3141830; 3152467; 7485153; 7542886; 7550323; 7607663; 7649559; 7746388,DD; Skin; Cancer; Skeletal,,2023-05-24 09:07:27+00:00
G2P00424,DNMT3A,602769,HGNC:2978,,DNMT3A-related Tatton-Brown Rahman syndrome (overgrowth syndrome with intellectual disability),615879,,monoallelic_autosomal,,definitive,absent gene product,,loss of function,inferred,,HP:0001290; HP:0000256; HP:0001382; HP:0001249; HP:0001548,24614070; 29900417; 28475857,DD,,2025-01-15 23:05:11+00:00
G2P00458,KDM6A,300128,HGNC:12637,UTX,KDM6A-related Kabuki syndrome,300867,,monoallelic_X_heterozygous,,definitive,absent gene product,,loss of function,inferred,,HP:0004322; HP:0000708; HP:0004325; HP:0001156; HP:0000769; HP:0000252; HP:0001680; HP:0008872; HP:0001631; HP:0007655; HP:0000527; HP:0000689; HP:0001007; HP:0001263; HP:0011398; HP:0001998; HP:0002000; HP:0002553; HP:0000218; HP:0002761; HP:0000486; HP:0005338; HP:0000378; HP:0000411; HP:0000437; HP:0000455; HP:0000637; HP:0000668; HP:0001212; HP:0001423,22197486; 23076834; 24527667; 24664873; 30509212; 33674768,DD,,2015-07-22 16:14:33+00:00
G2P00495,CASK,300172,HGNC:1497,CAGH39; FGS4; LIN2; TNRC8,CASK-related intellectual developmental disorder,300749,,monoallelic_X_heterozygous,,definitive,absent gene product,,loss of function,inferred,,HP:0001290; HP:0002650; HP:0004322; HP:0000347; HP:0004325; HP:0001999; HP:0000252; HP:0001250; HP:0001321; HP:0001257; HP:0007227; HP:0000407; HP:0008897; HP:0008936; HP:0001263; HP:0002198; HP:0000400; HP:0002342; HP:0003196; HP:0000543; HP:0000486; HP:0000286; HP:0000609; HP:0000316; HP:0000343; HP:0000426; HP:0000431; HP:0000455; HP:0001344; HP:0001423,19165920; 21954287; 34085948; 19459880; 20595373; 23623288,DD,,2025-01-28 23:41:13+00:00
G2P00498,DDX3X,300160,HGNC:2745,CAP-RF; DBX; DDX14; DDX3; HLP2,DDX3X-related intellectual disability,,MONDO:0001071,monoallelic_X_heterozygous,,definitive,absent gene product,,loss of function,inferred,,HP:0100022; HP:0002817; HP:0000153; HP:0000271; HP:0000929; HP:0000598; HP:0000252; HP:0001263; HP:0001249,25533962; 26235985; 30349862; 28371085; 30817323; 30936465; 31274575; 32600431; 32714884; 32896648; 33789733,DD,,2019-11-26 10:48:49+00:00
G2P00526,DCX,300121,HGNC:2714,DBCN; DC; LISX; SCLH; XLIS,DCX-related subcortical band heterotopia,300067,,monoallelic_X_heterozygous,,definitive,absent gene product,,loss of function,inferred,,HP:0003593; HP:0003829; HP:0000639; HP:0001250; HP:0001339; HP:0001251; HP:0001260; HP:0008897; HP:0008936; HP:0001249; HP:0001270; HP:0001302; HP:0000054; HP:0001274; HP:0001417; HP:0001522,9489699; 11468322; 10441340; 9489700; 12552055; 19619967; 23450485; 23583063,DD,,2015-07-22 16:14:37+00:00
G2P00570,WDR45,300526,HGNC:28912,JM5; NBIA5; WDRX1; WIPI4,WDR45-related neurodegeneration with brain iron accumulation,300894,,monoallelic_X_heterozygous,,definitive,absent gene product,,loss of function,inferred,,HP:0011844; HP:0100022; HP:0002817; HP:0001155; HP:0001167; HP:0011297; HP:0000153; HP:0000271; HP:0001760; HP:0001250; HP:0001263; HP:0001249; HP:0010864; HP:0100807,23176820; 31466010; 30612247; 30539914; 29981852; 29681108; 29600274; 29171013; 29082105; 28932395; 28551038; 28371320; 28361255; 27957548; 27681470; 27030146; 26790960; 26609730; 26240209; 26022463; 30713886; 23435086; 23647500; 24610255; 24621584; 25044655; 27349079; 27349085; 32307390; 32387008; 33037762; 35005074; 37099669,DD,,2025-01-21 15:53:19+00:00
G2P00590,BCL11A,606557,HGNC:13221,BCL11A-L; BCL11A-S; BCL11A-XL; CTIP1; EVI9; HBFQTL5; SMARCM1; ZNF856,BCL11A-related intellectual disability,617101,,monoallelic_autosomal,,definitive,absent gene product,,loss of function,inferred,,HP:0011451; HP:0011904; HP:0001249; HP:0000487; HP:0000592,25533962; 27453576; 35856171,DD,,2025-01-14 15:53:13+00:00
G2P00591,GNAS,139320,HGNC:4392,GNAS1; GNASXL; GPSA; NESP; NESP55; SCG6; SGVI,GNAS-related pseudohypoparathyroidism,603233,,monoallelic_autosomal,imprinted region,definitive,absent gene product,,loss of function,inferred,,HP:0003456; HP:0002901; HP:0003745; HP:0001156; HP:0001513; HP:0002905; HP:0003165; HP:0010049; HP:0000006; HP:0000852,11029463; 18182455; 15592469; 20444925,DD,,2015-07-22 16:14:42+00:00
G2P00616,CA2,611492,HGNC:1373,CA-II; CAII; CAR2,CA2-related osteopetrosis,259730,,biallelic_autosomal,,definitive,absent gene product,,loss of function,inferred,,HP:0001903; HP:0004322; HP:0003034; HP:0004437; HP:0008341; HP:0007807; HP:0000572; HP:0008153; HP:0000689; HP:0001978; HP:0002135; HP:0001249; HP:0002900; HP:0003148; HP:0000007; HP:0001433,12566520; 1301935; 8127074; 5041390,DD; Skeletal,,2023-05-24 09:07:28+00:00
G2P00653,USP9X,300072,HGNC:12632,DFFRX; FAF; FAF-X; MRX99,USP9X-related intellectual developmental disorder,300919,,monoallelic_X_heterozygous,,strong,absent gene product,,loss of function,inferred,,HP:0002715; HP:0002644; HP:0011844; HP:0001367; HP:0000951; HP:0001155; HP:0001252; HP:0002650; HP:0001167; HP:0011297; HP:0000164; HP:0000153; HP:0000271; HP:0000077; HP:0000929; HP:0001760; HP:0001373; HP:0000366; HP:0000370; HP:0000598; HP:0000324; HP:0010719; HP:0000518; HP:0000365; HP:0000364; HP:0000405; HP:0002827; HP:0001263; HP:0001161,24607389; 26833328; 28377321,DD,,2015-07-22 16:14:45+00:00
G2P00670,POGZ,614787,HGNC:18801,KIAA0461; ZNF280E; ZNF635,POGZ-related intellectual disability,616364,,monoallelic_autosomal,,definitive,absent gene product,,loss of function,inferred,,HP:0011844; HP:0011297; HP:0000153; HP:0000271; HP:0000929; HP:0001760; HP:0000598; HP:0000492; HP:0008050; HP:0001263,25533962; 26942287; 32103003; 31782611; 31136090; 30879264; 28480548; 27148570; 27103995; 31347273; 26763879; 26739615; 25694107; 31196716; 32359026; 33277917; 34133408; 35052493; 35396900; 35821784; 37619992,DD,,2025-01-16 14:09:07+00:00
G2P00681,ZC4H2,300897,HGNC:24931,HCA127; KIAA1166; MCS; MRXS4; WWS,ZC4H2-related arthrogryposis multiplex congenita and intellectual disability,314580,,monoallelic_X_hemizygous,,definitive,absent gene product,,loss of function,inferred,,HP:0003693; HP:0002186; HP:0005745; HP:0001256; HP:0001417,23623388; 1915520; 4039531; 31206972; 36250278; 29803542; 34322088,DD,,2025-01-28 18:12:46+00:00
G2P00684,PDHA1,300502,HGNC:8806,E1ALPHA; PDHA,PDHA1-related pyruvate dehydrogenase E1-alpha deficiency (in females),312170,,monoallelic_X_heterozygous,,definitive,absent gene product,,loss of function,inferred,,HP:0003348; HP:0001252; HP:0003593; HP:0003812; HP:0001332; HP:0001999; HP:0000252; HP:0004900; HP:0004925; HP:0000496; HP:0001250; HP:0002119; HP:0001266; HP:0002059; HP:0000508; HP:0001263; HP:0001254; HP:0002151; HP:0002007; HP:0002131; HP:0001249; HP:0002490; HP:0002872; HP:0002928; HP:0006799; HP:0000343; HP:0000431; HP:0000454; HP:0000463; HP:0001274; HP:0001423; HP:0001518,1909778; 9686362; 10486093; 8771169; 2378353; 1293379; 8199595; 2537010; 3137520; 12379317; 8032855; 7573035; 1907799; 1909401; 10679936; 14635113; 16412675; 16713755; 17043409; 18023225; 18197404; 18273899; 18398624; 18709504; 19517265; 19639391; 20002461; 20462777; 21470495; 23572181; 26287337; 27896109; 30090160; 31673819; 32472546; 33592356; 33661577; 35132535; 36170095; 36225105; 37160702,DD,,2015-07-22 16:14:47+00:00
G2P00793,EP300,602700,HGNC:3373,KAT3B; P300,EP300-related Rubinstein-Taybi syndrome,613684,,monoallelic_autosomal,,definitive,absent gene product,,loss of function,inferred,,HP:0003577; HP:0000347; HP:0000252; HP:0000527; HP:0010055; HP:0000689; HP:0001263; HP:0000750; HP:0000218; HP:0011094; HP:0000006; HP:0000278; HP:0000448; HP:0000670; HP:0011304; HP:0001256,17299436; 15706485; 20014264; 19353645; 17220215; 24352918; 24476420; 25712426; 26279656; 26374735; 27386132; 27581590; 27648933; 27964710; 28027063; 29133209; 29506490; 29906517; 30076641,DD; Skin; Skeletal,,2023-05-24 09:07:29+00:00
G2P00881,ALMS1,606844,HGNC:428,KIAA0328,ALMS1-related Alstrom syndrome,203800,,biallelic_autosomal,,definitive,absent gene product,,loss of function,inferred,,HP:0001155; HP:0002808; HP:0002650; HP:0004322; HP:0000822; HP:0002621; HP:0000164; HP:0000083; HP:0004438; HP:0001596; HP:0001970; HP:0000580; HP:0000639; HP:0002155; HP:0000388; HP:0000523; HP:0000618; HP:0000548; HP:0002910; HP:0000821; HP:0000824; HP:0000831; HP:0000842; HP:0000123; HP:0001956; HP:0001263; HP:0002099; HP:0002149; HP:0002240; HP:0005616; HP:0005987; HP:0006532; HP:0001397; HP:0003233; HP:0001635; HP:0000873; HP:0001763; HP:0000858; HP:0200120; HP:0000007; HP:0000230; HP:0000408; HP:0000613; HP:0000771; HP:0000815; HP:0000956; HP:0001644,17594715; 11941370; 11941369; 9063741; 21877133; 17850632; 22043170; 14984477; 15689433; 16720663; 18654604; 21128906; 22533542; 23652376; 24049434; 24319333; 24503146; 24972238; 25846608; 26010121; 26285675; 26910739; 27665122; 28402684; 28724398; 29193673; 29715191; 29720996; 30488743; 31669637; 31810438; 31889847; 32945434; 32973878; 33565060; 33669459; 33969109; 33981653; 34148947; 35355858; 35786123; 36162988; 36685911; 36927560; 37937857; 38155680,DD; Eye; Skin,,2017-09-01 16:19:15+00:00
G2P00882,GATAD2B,614998,HGNC:30778,P66BETA,GATAD2B-related nonspecific severe intellectual disability,615074,,monoallelic_autosomal,,definitive,absent gene product,,loss of function,inferred,,HP:0011844; HP:0000951; HP:0002817; HP:0001155; HP:0011297; HP:0000153; HP:0000271; HP:0000929; HP:0000366; HP:0000290; HP:0000256; HP:0000159; HP:0000496; HP:0000492; HP:0008050; HP:0000177; HP:0001263; HP:0011344; HP:0000486; HP:0000316,23644463; 31949314; 28077840; 30346093; 30482549; 31205050; 32688057; 34470925,DD,,2025-01-16 17:48:34+00:00
G2P00935,CEP290,610142,HGNC:29021,3H11AG; BBS14; CT87; FLJ13615; JBTS5; KIAA0373; LCA10; MKS4; NPHP6; POC3; RD16; SLSN6,CEP290-related Joubert syndrome,610188,,biallelic_autosomal,,definitive,absent gene product,,loss of function,inferred,,HP:0000707; HP:0001252; HP:0000822; HP:0003774; HP:0000077; HP:0001156; HP:0004409; HP:0002084; HP:0000256; HP:0001159; HP:0004719; HP:0004727; HP:0000803; HP:0000107; HP:0000819; HP:0001080; HP:0000137; HP:0000512; HP:0000505; HP:0000556; HP:0000639; HP:0002167; HP:0001631; HP:0001250; HP:0000510; HP:0006817; HP:0001251; HP:0002436; HP:0000518; HP:0007707; HP:0007875; HP:0000501; HP:0000365; HP:0008734; HP:0001511; HP:0001513; HP:0001007; HP:0001263; HP:0000750; HP:0001629; HP:0002099; HP:0002079; HP:0002141; HP:0001249; HP:0002251; HP:0002335; HP:0000238; HP:0002370; HP:0002404; HP:0002419; HP:0001328; HP:0001395; HP:0000218; HP:0002790; HP:0002871; HP:0002876; HP:0000486; HP:0001712; HP:0001162; HP:0100259; HP:0001829; HP:0000545; HP:0000483; HP:0006563; HP:0009466; HP:0000480; HP:0009806; HP:0000547; HP:0000007; HP:0000135; HP:0000054; HP:0000090; HP:0000148; HP:0000657; HP:0000668; HP:0000678; HP:0000800; HP:0001305; HP:0001408; HP:0001773,17554762; 16909394; 17564967; 16682970; 16682973; 17564974; 17705300; 22355252; 20690115; 18327255; 17617513; 19764032; 24175892; 24850569; 29217415; 31464256; 31840411; 31970223; 32208788; 32600475,DD; Eye,,2025-01-27 10:05:16+00:00
G2P00974,MEF2C,600662,HGNC:6996,,MEF2C-related intellectual developmental disorder-stereotypic movements-epilepsy and/or cerebral malformations,613443,,monoallelic_autosomal,,definitive,absent gene product,,loss of function,inferred,,HP:0002500; HP:0001250; HP:0002119; HP:0002197; HP:0002540; HP:0011398; HP:0001270; HP:0002714; HP:0003196; HP:0000486; HP:0005280; HP:0010864; HP:0000316; HP:0000322; HP:0000331; HP:0000337; HP:0000369; HP:0000463; HP:0000582; HP:0000817,20513142; 19592390; 23001426; 34022131; 35719119,DD,,2015-07-22 16:15:03+00:00
G2P01013,FBN1,134797,HGNC:3603,FBN; MASS; MFS1; OCTD; SGS; WMS,FBN1-related Marfan syndrome,154700,,monoallelic_autosomal,,definitive,absent gene product; altered gene product structure,,loss of function,inferred,,HP:0001371; HP:0003302; HP:0008440; HP:0001252; HP:0002650; HP:0002751; HP:0000098; HP:0003717; HP:0003745; HP:0000347; HP:0003016; HP:0001363; HP:0000377; HP:0000252; HP:0001762; HP:0001634; HP:0004872; HP:0002107; HP:0004927; HP:0002647; HP:0003083; HP:0001382; HP:0009473; HP:0009023; HP:0000268; HP:0008872; HP:0007099; HP:0000974; HP:0000541; HP:0000518; HP:0007676; HP:0000508; HP:0007800; HP:0000501; HP:0001083; HP:0008132; HP:0000405; HP:0000028; HP:0000689; HP:0001263; HP:0000766; HP:0002007; HP:0002020; HP:0002097; HP:0001249; HP:0000238; HP:0002616; HP:0002631; HP:0000218; HP:0002816; HP:0002857; HP:0002870; HP:0002970; HP:0003088; HP:0003179; HP:0003199; HP:0000486; HP:0005136; HP:0000327; HP:0005815; HP:0000545; HP:0001635; HP:0001763; HP:0100775; HP:0000006; HP:0000023; HP:0000260; HP:0000272; HP:0000275; HP:0000276; HP:0000278; HP:0000316; HP:0000368; HP:0000463; HP:0000490; HP:0000494; HP:0000586; HP:0000678; HP:0000767; HP:0000768; HP:0000883; HP:0000895; HP:0000938; HP:0001002; HP:0001065; HP:0001166; HP:0001388; HP:0001519; HP:0001537; HP:0001548; HP:0001653; HP:0001659; HP:0001704; HP:0001724; HP:0001761; HP:0001765; HP:0001840,8428751; 1631074; 8504310; 7611299; 21594993; 7762551; 18412115; 15032979; 15287423; 1301946; 8040326; 8430317; 8101042; 9101298; 8406497; 11175294; 10766875; 17492313; 21594992; 17366579; 11702223; 9837823; 1569206; 8136837; 9241263; 7633409; 20082464; 10441597; 7911051; 20979188; 8281141; 1852208; 16333834; 23103230; 23023332; 8071963; 17568394; 7622614; 7870075; 7915876; 7945217; 8004112; 8863159; 8882780; 9452085; 10090884; 10189089; 10364683; 10425041; 10441700; 10694921; 10721679; 10756346; 11139245; 11391655; 11453977; 11524736; 11700157; 11710961; 12161601; 12203992; 12402346; 12413333; 12446365; 12890380; 12915484; 14586646; 14695540; 15054843; 15161620; 15241795; 16220557; 16222657; 16617303; 16930007; 17189636; 17657824; 17663468; 17679947; 17701892; 37684520; 35058154,DD; Eye; Skin; Skeletal,,2023-05-24 09:07:30+00:00
G2P01018,FOXG1,164874,HGNC:3811,BF1; FKH2; FKHL1; FKHL2; FKHL3; FKHL4; FOXG1A; FOXG1B; FOXG1C; HBF-3; HFK1; HFK2; HFK3; QIN,FOXG1-related congenital variant of Rett syndrome,613454,,monoallelic_autosomal,,definitive,absent gene product,,loss of function,inferred,,HP:0002808; HP:0002650; HP:0003763; HP:0001332; HP:0001762; HP:0002186; HP:0001250; HP:0002305; HP:0002072; HP:0001257; HP:0100660; HP:0001319; HP:0002019; HP:0002020; HP:0002079; HP:0001270; HP:0002307; HP:0001302; HP:0010864; HP:0001763; HP:0100703; HP:0000253; HP:0000817,19564653; 21441262; 18571142; 19578037; 19806373; 20734096; 21280142; 21488007; 21953941; 22091895; 22129046; 22190898; 24388699; 24412290; 24766421; 25266269; 26364767,DD,,2015-07-22 16:15:06+00:00
G2P01021,ADNP,611386,HGNC:15766,ADNP1; KIAA0784,ADNP-related intellectual developmental disorder,615873,,monoallelic_autosomal,,definitive,absent gene product,,loss of function,inferred,,HP:0011844; HP:0002817; HP:0001155; HP:0011297; HP:0000153; HP:0000271; HP:0000929; HP:0001760; HP:0000598; HP:0000492; HP:0008050; HP:0001263; HP:0001249,24531329; 32275126; 31127536; 30107084; 29724491; 29475819; 28475273; 28407407; 28675391; 27031564; 25169753; 26168855; 29424797; 31029150; 33673501; 35446982; 35714324; 35920977; 36082574; 36321748,DD,,2015-07-22 16:15:06+00:00
G2P01045,SMAD4,600993,HGNC:6770,DPC4; MADH4,SMAD4-related Myhre syndrome,139210,,monoallelic_autosomal,restricted mutation set,definitive,altered gene product structure,,gain of function,inferred,,,28406602; 24580733; 33428109; 31654632,DD; Skin; Skeletal,,2024-12-23 15:38:15+00:00
G2P01085,GCH1,600225,HGNC:4193,DYT14; DYT5; DYT5A; GCH; GTPCH1,GCH1-related dystonia,128230,,monoallelic_autosomal,,definitive,uncertain,,undetermined,inferred,,HP:0002650; HP:0003487; HP:0003812; HP:0001762; HP:0001347; HP:0002066; HP:0002174; HP:0008297; HP:0011463; HP:0002356; HP:0000473; HP:0002548; HP:0001300; HP:0000006; HP:0000007; HP:0001761,11359069; 10208576; 17111153; 10732814; 11486899; 9667588; 9576537; 7874165; 9585358; 10078749; 11113234; 11956954; 12023430; 12874420; 14509676; 16289769; 17410324; 17557242; 17804835; 17898029; 18044725; 18345435; 18511327; 18621497; 19533203; 19566901; 20082337; 20108370; 20437540; 20491893; 21834904; 21935284; 22373569; 24018121; 24509643; 24948553; 25119902; 25634433; 26400349; 28087438; 28415164; 28582483; 28958832; 29290055; 29577080; 29948246,DD,,2015-07-22 16:15:10+00:00
G2P01096,TRIO,601893,HGNC:12303,ARHGEF23,TRIO-related intellectual disability,601893,MONDO:0001071,monoallelic_autosomal,,strong,uncertain,,undetermined,inferred,,HP:0000256; HP:0000252; HP:0011968; HP:0000750; HP:0001249,26235986; 27418539; 32109419; 28928363,DD,,2022-07-20 13:56:22+00:00
G2P01109,GRIN1,138249,HGNC:4584,GLUN1; NMDAR1; NR1,GRIN1-related epileptic encephalopathy,,,monoallelic_autosomal,,definitive,altered gene product structure,inframe_insertion; missense_variant; inframe_deletion,undetermined,inferred,,,23934111; 27164704; 35393335; 25864721; 26933583; 28228639; 28389307; 29194067; 29365063; 30355546; 31176596; 33062288; 33403508; 34227748; 34413877; 34884460,DD,,2025-01-16 22:54:15+00:00
G2P01128,STXBP1,602926,HGNC:11444,HUNC18; MUNC18-1; NSEC1; RBSEC1; UNC18,STXBP1-related epileptic encephalopathy early infantile,612164,,monoallelic_autosomal,,definitive,absent gene product,,loss of function,inferred,,HP:0003623; HP:0001337; HP:0007105; HP:0002059; HP:0002069; HP:0011344; HP:0002079; HP:0002123; HP:0002510; HP:0002521; HP:0011097; HP:0006808; HP:0001258; HP:0010818; HP:0010851; HP:0010864; HP:0000006; HP:0001151; HP:0001344,19557857; 18469812; 32105008; 31387522; 31344879; 30654231; 29929108; 29896790; 29718889; 29544889; 29264391; 28944233; 27184330; 27069701; 26865513; 26514728; 26384463; 26212315; 25714420; 25631041; 25418441; 24623842; 24315539; 24189369; 24170257; 24095819; 23763664; 23533165; 23531706; 23409955; 22596016; 21770924; 21762454; 21364700; 21204804; 21062273; 20887364; 20876469; 22211739; 22787616; 23593750; 24550774; 25008876; 26658169; 27799854; 27799865; 31151759; 32521962; 32815282; 33632674; 34390894; 34392114; 35002760; 35002943; 35007884; 35190816; 35655584; 35663845; 35841834; 35851549; 35937496; 35998430,DD,,2019-08-06 12:32:12+00:00
G2P01149,EDN1,131240,HGNC:3176,ET1,EDN1-related auriculocondylar syndrome,615706,,biallelic_autosomal,,strong,altered gene product structure,inframe_insertion; missense_variant; inframe_deletion,undetermined,inferred,,,24268655,DD; Skeletal,,2025-01-27 15:20:23+00:00
G2P01160,DYRK1A,600855,HGNC:3091,DYRK; DYRK1; MNBH,DYRK1A-related intellectual developmental disorder,614104,,monoallelic_autosomal,,definitive,absent gene product,,loss of function,inferred,,HP:0011844; HP:0000951; HP:0002817; HP:0001155; HP:0004322; HP:0000271; HP:0000929; HP:0000347; HP:0000366; HP:0000252; HP:0001250; HP:0001263; HP:0000490,21294719; 23160955; 23099646; 31803247; 31263215; 29034068; 28053047; 26922654; 25944381; 25920557; 25707398; 25641759,DD,,2015-07-22 16:15:13+00:00
G2P01211,NEB,161650,HGNC:7720,NEB177D; NEM2,NEB-related typical nemaline myopathy,256030,,biallelic_autosomal,,definitive,absent gene product,,loss of function,inferred,,HP:0001371; HP:0003306; HP:0003307; HP:0003324; HP:0003701; HP:0002650; HP:0001284; HP:0003445; HP:0003458; HP:0003690; HP:0003593; HP:0003722; HP:0003798; HP:0003803; HP:0003810; HP:0000478; HP:0002747; HP:0001547; HP:0011968; HP:0002015; HP:0008180; HP:0001319; HP:0001265; HP:0000175; HP:0001558; HP:0002058; HP:0001270; HP:0002359; HP:0002515; HP:0000218; HP:0002804; HP:0000007; HP:0000369; HP:0001283; HP:0001533; HP:0001561,10051637; 27933661; 27105866; 21798101; 23443021; 24056153; 25296583; 25589042; 25589043; 26403434; 26562614; 30467404; 32939402,DD,,2017-12-08 09:13:44+00:00
G2P01220,MTOR,601231,HGNC:3942,FLJ44809; FRAP; FRAP1; FRAP2; RAFT1; RAPT1,MTOR-related Smith-Kingsmore syndrome,616638,,monoallelic_autosomal,,definitive,altered gene product structure,inframe_insertion; missense_variant; inframe_deletion,undetermined,inferred,,HP:0000271; HP:0000256; HP:0001250; HP:0007206; HP:0001355; HP:0001249,28892148; 23934111,DD,,2017-11-01 10:42:08+00:00
G2P01399,CHD7,608892,HGNC:20626,CRG; FLJ20357; FLJ20361; KIAA1416,CHD7-related CHARGE syndrome,214800,,monoallelic_autosomal,,definitive,absent gene product,,loss of function,inferred,,HP:0005368; HP:0002650; HP:0002901; HP:0003745; HP:0000347; HP:0003812; HP:0003974; HP:0004058; HP:0002032; HP:0004404; HP:0000359; HP:0000324; HP:0000252; HP:0004496; HP:0010628; HP:0003022; HP:0001888; HP:0000050; HP:0000772; HP:0011968; HP:0001631; HP:0002015; HP:0001018; HP:0000568; HP:0000508; HP:0008213; HP:0000821; HP:0000824; HP:0002937; HP:0000407; HP:0008551; HP:0000028; HP:0008897; HP:0000175; HP:0000204; HP:0000528; HP:0001629; HP:0001643; HP:0001719; HP:0001636; HP:0000458; HP:0002023; HP:0002025; HP:0002139; HP:0001249; HP:0002247; HP:0002575; HP:0000823; HP:0000089; HP:0000589; HP:0010515; HP:0001161; HP:0009778; HP:0000567; HP:0000480; HP:0010443; HP:0001642; HP:0000104; HP:0200021; HP:0000006; HP:0000044; HP:0000054; HP:0000066; HP:0000085; HP:0000126; HP:0000272; HP:0000316; HP:0000321; HP:0000378; HP:0000394; HP:0000410; HP:0000465; HP:0000494; HP:0000588; HP:0000612; HP:0000860; HP:0001171; HP:0001442; HP:0001537; HP:0001539,18978652; 17334995; 16400610; 17661815; 15300250; 17937444; 18074359; 26590800; 16118347; 16155193; 16169932; 16615981; 16763960; 16960397; 18073582; 18445044; 18472328; 18484313; 18505430; 18834967; 19021638; 19159393; 19248844; 20052490; 20186815; 20624498; 20943277; 21041284; 21158681; 21196067; 21378379; 21554267; 21931733; 22302456; 22399515; 22517486; 23024289; 23333604; 23495722; 23677905; 23956205; 24550764; 24578717; 24636850,DD; Eye,,2017-08-15 14:30:44+00:00
G2P01406,KMT2A,159555,HGNC:7132,ALL-1; ALL1; CXXC7; HRX; HTRX; HTRX1; MLL; MLL1; MLL1A; TRX1,KMT2A-related Wiedemann-Steiner syndrome,605130,,monoallelic_autosomal,,definitive,absent gene product,,loss of function,inferred,,HP:0001290; HP:0001252; HP:0004322; HP:0001510; HP:0000164; HP:0001831; HP:0002750; HP:0009803; HP:0004209; HP:0005819; HP:0001250; HP:0000527; HP:0000581; HP:0000718; HP:0001508; HP:0001007; HP:0001263; HP:0000750; HP:0012368; HP:0002019; HP:0002136; HP:0001249; HP:0000218; HP:0000486; HP:0000286; HP:0045025; HP:0000006; HP:0000219; HP:0000316; HP:0000343; HP:0000369; HP:0000431; HP:0000437; HP:0000445; HP:0000494; HP:0000574; HP:0000664; HP:0000960; HP:0001182,22795537; 32311999; 31250358; 31168168; 31044088; 30841869; 30549396; 29203834; 28815892; 27777327; 27759909; 27320412; 25929198; 25810209; 24886118; 24818805; 34469078; 33043602,DD; Skin,,2025-01-09 15:40:16+00:00
G2P01420,CHD2,602119,HGNC:1917,DKFZP547I1315; DKFZP686E01200; DKFZP781D1727; FLJ38614,CHD2-related epileptic encephalopathy,615369,,monoallelic_autosomal,,definitive,absent gene product,,loss of function,inferred,,HP:0000271; HP:0000929; HP:0000492; HP:0001250; HP:0008050; HP:0001263; HP:0001249,23708187; 24207121; 24614520; 25672921; 25783594; 26262932; 28910737; 28960266; 29529558; 29740950; 31677157; 31993582; 32170405; 34609735; 34713950; 35222528; 35386198; 35627293; 35774518; 35774528; 37873138; 37877434; 38125503,DD,,2025-01-16 12:20:09+00:00
G2P01438,ADAR,146920,HGNC:225,ADAR1; DRADA; G1P1; IFI4,ADAR-related Aicardi-Goutieres syndrome associated with a type I interferon signature,615010,,biallelic_autosomal,,definitive,absent gene product,,loss of function,inferred,,,23001123; 24262145; 28139822; 29221912,DD,,2025-01-21 16:20:53+00:00
G2P01518,PDHA1,300502,HGNC:8806,E1ALPHA; PDHA,PDHA1-related intellectual disabiltiy,312170,,monoallelic_X_hemizygous,,definitive,absent gene product,,loss of function,inferred,,HP:0003348; HP:0001252; HP:0003593; HP:0003812; HP:0001332; HP:0001999; HP:0000252; HP:0004900; HP:0004925; HP:0000496; HP:0001250; HP:0002119; HP:0001266; HP:0002059; HP:0000508; HP:0001263; HP:0001254; HP:0002151; HP:0002007; HP:0002131; HP:0001249; HP:0002490; HP:0002872; HP:0002928; HP:0006799; HP:0000343; HP:0000431; HP:0000454; HP:0000463; HP:0001274; HP:0001423; HP:0001518,1909778; 9686362; 10486093; 8771169; 2378353; 1293379; 8199595; 2537010; 3137520; 12379317; 8032855; 7573035; 1907799; 1909401,DD,,2015-07-22 16:15:35+00:00
G2P01583,NSD1,606681,HGNC:14234,ARA267; FLJ22263; KMT3B; STO,NSD1-related Sotos syndrome,117550,,monoallelic_autosomal,,definitive,absent gene product,,loss of function,inferred,,HP:0001252; HP:0002808; HP:0002650; HP:0000098; HP:0003745; HP:0000708; HP:0003015; HP:0200000; HP:0000256; HP:0008070; HP:0004689; HP:0001762; HP:0001952; HP:0001377; HP:0009473; HP:0000639; HP:0000268; HP:0001631; HP:0001250; HP:0000388; HP:0001347; HP:0001350; HP:0001257; HP:0000973; HP:0001260; HP:0001792; HP:0000540; HP:0000405; HP:0000028; HP:0001608; HP:0001319; HP:0001263; HP:0002474; HP:0000750; HP:0001629; HP:0001643; HP:0002007; HP:0001249; HP:0000400; HP:0002280; HP:0002370; HP:0002389; HP:0002667; HP:0002673; HP:0000218; HP:0005616; HP:0002857; HP:0002866; HP:0003066; HP:0003186; HP:0000486; HP:0005280; HP:0006288; HP:0000286; HP:0000773; HP:0006956; HP:0009466; HP:0000034; HP:0009890; HP:0010751; HP:0001763; HP:0001331; HP:0000006; HP:0000023; HP:0000278; HP:0000303; HP:0000307; HP:0000311; HP:0000316; HP:0000343; HP:0000494; HP:0001176; HP:0001212; HP:0011304; HP:0001338; HP:0001388; HP:0001537; HP:0001540; HP:0001761; HP:0001814; HP:0001833; HP:0001840; HP:0001845; HP:0001848,12525543; 16222665; 11896389; 14571271; 14627693; 14997433; 15720303; 16140999; 16188863; 16547423; 16780628; 19545651; 19876911; 20420030; 21482210; 21677396; 21677402; 23341071; 24795065; 25887879; 26487424; 27834868; 28457852; 29164086; 29593781,DD; Skin; Skeletal,,2023-05-24 09:07:32+00:00
G2P01602,PIEZO2,613629,HGNC:26270,C18ORF30; C18ORF58; FAM38B; FAM38B2; FLJ23144; FLJ23403; FLJ34907; HST748; HST771,"PIEZO2-related arthrogryposis, distal",114300,,monoallelic_autosomal,,definitive,absent gene product,,loss of function,inferred,,HP:0002751; HP:0004322; HP:0009803; HP:0001762; HP:0001547; HP:0100490; HP:0000954; HP:0000508; HP:0000028; HP:0001374; HP:0010554; HP:0002938; HP:0003184; HP:0001193; HP:0000286; HP:0006380; HP:0200021; HP:0000006; HP:0000176; HP:0000193; HP:0000470; HP:0001836,24726473; 23487782; 25712306; 27714920; 30938034; 33369052; 34645222,DD,,2025-01-27 15:11:57+00:00
G2P01608,SCN8A,600702,HGNC:10596,CERIII; CIAT; MED; NACH6; NAV1.6; PN4,"SCN8A-related epileptic encephalopathy, early infantile",614558,,monoallelic_autosomal,restricted mutation set,definitive,altered gene product structure,,dominant negative,inferred,,HP:0001263; HP:0001249; HP:0011097; HP:0000006; HP:0000717,22365152; 16236810; 24352161; 24874546; 24888894; 25239001; 25568300; 25725044; 26235738; 25799905; 25951352; 26235739; 26252990; 26553437; 26677014; 26933559; 27210545; 27659738; 27875746; 27900360; 28084268; 28676440; 28702509; 28923014; 29121005; 29128679; 29235621; 29263050,DD,,2015-07-22 16:15:39+00:00
G2P01620,SHANK1,604999,HGNC:15474,SPANK-1; SSTRIP; SYNAMON,SHANK1-related autism,209850,,monoallelic_autosomal,,strong,absent gene product,,loss of function,inferred,,HP:0003745; HP:0000733; HP:0001250; HP:0000750; HP:0011463; HP:0002353; HP:0001249; HP:0003144; HP:0000758; HP:0001426; HP:0000717; HP:0000721; HP:0000723; HP:0000728; HP:0000732,34113010; 34912368,DD,,2025-01-27 13:31:49+00:00
G2P01640,RECQL4,603780,HGNC:9949,RECQ4,RECQL4-related Baller-Gerold syndrome,218600,,biallelic_autosomal,,definitive,absent gene product,,loss of function,inferred,,HP:0003298; HP:0003468; HP:0002650; HP:0002751; HP:0004322; HP:0000077; HP:0000347; HP:0001373; HP:0003974; HP:0006501; HP:0004231; HP:0004279; HP:0009702; HP:0004334; HP:0002014; HP:0004425; HP:0004440; HP:0004442; HP:0004443; HP:0008070; HP:0001596; HP:0001762; HP:0002216; HP:0004871; HP:0003022; HP:0002996; HP:0001597; HP:0001009; HP:0001250; HP:0000992; HP:0001070; HP:0007452; HP:0000568; HP:0007713; HP:0000581; HP:0000648; HP:0000501; HP:0000365; HP:0000405; HP:0000028; HP:0001374; HP:0000175; HP:0002860; HP:0002007; HP:0002023; HP:0002126; HP:0001249; HP:0000238; HP:0002564; HP:0002669; HP:0002671; HP:0000218; HP:0002984; HP:0003031; HP:0003065; HP:0006498; HP:0003196; HP:0000486; HP:0005198; HP:0005201; HP:0000939; HP:0009778; HP:0009601; HP:0005792; HP:0005886; HP:0000684; HP:0000691; HP:0000545; HP:0000286; HP:0011069; HP:0006349; HP:0006368; HP:0006467; HP:0001029; HP:0009777; HP:0010048; HP:0200055; HP:0000452; HP:0000007; HP:0000135; HP:0000143; HP:0000160; HP:0000193; HP:0000244; HP:0000276; HP:0000303; HP:0000316; HP:0000331; HP:0000368; HP:0000417; HP:0000426; HP:0000430; HP:0000482; HP:0000494; HP:0000902; HP:0001274; HP:0001545; HP:0001734; HP:0001773,12952869; 20503338; 10678659; 12838562; 9878247; 10319867; 12734318; 9934984; 15964893; 11754069; 17372760; 18616953; 18647888; 23899764; 24518840; 24635570; 25966250; 26515231; 29224249; 29367366; 29462647; 30007837; 32482547; 34155702,DD; Skin; Skeletal,,2023-05-24 09:07:33+00:00
G2P01670,COL6A3,120250,HGNC:2213,,COL6A3-related Ullrich congenital muscular dystrophy,254090,,biallelic_autosomal,,definitive,absent gene product,,loss of function,inferred,,HP:0001371; HP:0003306; HP:0003701; HP:0002808; HP:0002650; HP:0003557; HP:0003593; HP:0003676; HP:0003700; HP:0003713; HP:0003803; HP:0003828; HP:0010628; HP:0001762; HP:0002747; HP:0005072; HP:0008872; HP:0000975; HP:0007502; HP:0008180; HP:0002827; HP:0001508; HP:0001319; HP:0001270; HP:0000473; HP:0000218; HP:0002783; HP:0002877; HP:0006149; HP:0006460; HP:0000006; HP:0000007; HP:0000311; HP:0000411; HP:0001388; HP:0001533,11992252; 30504588; 32448721,DD,,2016-01-08 10:22:05+00:00
G2P01702,CSNK2A1,115440,HGNC:2457,CKA1; CKA2,CSNK2A1-related neurodevelopmental disorder,617062,,monoallelic_autosomal,restricted mutation set,definitive,altered gene product structure,,gain of function,inferred,,,27048600; 28725024; 29383814; 29568000; 31060130; 32472542; 34038195; 37195306; 37491870,DD,,2025-01-15 15:55:25+00:00
G2P01705,KDM5B,605393,HGNC:18039,CT31; JARID1B; PLU-1; PPP1R98; RBBP2H1A,KDM5B-related neurodevelopmental disorder,,,biallelic_autosomal,,strong,absent gene product; altered gene product structure,,loss of function,inferred,,HP:0001249; HP:0000717,28720891; 24307393; 30409806; 29276005; 34573379,DD,,2025-01-15 12:34:50+00:00
G2P01711,SET,600960,HGNC:10760,2PP2A; IGAAD; IPP2A2; PHAPII; TAF-I; TAF-IBETA,SET-related intellectual developmental disorder,,,monoallelic_autosomal,,strong,absent gene product,,loss of function,inferred,,HP:0001249,28135719; 29907757; 29688601; 35122673,DD,,2017-07-18 14:16:36+00:00
G2P01760,ATAD3A,612316,HGNC:25567,FLJ10709,"ATAD3A-related disorder with global developmental delay, hypotonia, optic atrophy, axonal neuropathy, and hypertrophic cardiomyopathy",617183,,monoallelic_autosomal,restricted mutation set,definitive,altered gene product structure,,dominant negative,inferred,,HP:0003477; HP:0000648; HP:0001263; HP:0011398,27640307; 32004445; 28158749; 31496782; 38173481,DD,,2025-01-14 15:25:04+00:00
G2P01786,PIEZO1,611184,HGNC:28993,FAM38A; KIAA0233,PIEZO1-related congenital lymphatic dysplasia with hydrops and/or lymphoedema,,,biallelic_autosomal,,strong,absent gene product,,loss of function,inferred,,,26387913; 26333996,DD,,2016-11-10 09:16:06+00:00
G2P01872,SIN3A,607776,HGNC:19353,DKFZP434K2235; KIAA0700,SIN3A-related syndromic intellectual disability,612100,,monoallelic_autosomal,,strong,absent gene product,,loss of function,inferred,,HP:0007370; HP:0001249; HP:0030048; HP:0000348,27399968; 30267900; 33437032,DD,,2017-02-09 14:56:28+00:00
G2P01894,MORC2,616661,HGNC:23573,AC004542.C22.1; KIAA0852; ZCW3; ZCWCC1,MORC2-related axonal neuropathy and neurodevelopmental disorder,,,monoallelic_autosomal,,strong,altered gene product structure,inframe_insertion; missense_variant; inframe_deletion,undetermined,inferred,,HP:0004322; HP:0000929; HP:0000598; HP:0000252; HP:0011389; HP:0000501; HP:0000365; HP:0000364; HP:0000407; HP:0001263; HP:0001249; HP:0002341; HP:0002508,26497905; 30624633; 28771897; 32693025; 26659848; 26912637; 27105897; 27329773; 27794525; 28334961; 28402445; 33762496; 33844363; 34059105; 34189813; 34630290; 34664855; 35332768; 35904125,DD,,2020-08-27 14:31:40+00:00
G2P02415,SMC1A,300040,HGNC:11111,DXS423E; KIAA0178; SB1.8; SMC1L1; SMCB,SMC1A-related epileptic encephalopathy,301044,,monoallelic_X_heterozygous,,definitive,absent gene product,,loss of function,inferred,,HP:0001250; HP:0011398; HP:0001249; HP:0200055; HP:0001344; HP:0001773,31185419; 31098032; 28677859; 28548707; 28166369; 26752331; 26386245; 26358754; 32496272; 33911395; 35238682; 35589488; 35658367; 35712061; 37107610; 38076278,DD,,2025-01-21 15:16:25+00:00
G2P02440,CHD3,602120,HGNC:1918,MI-2A; MI2-ALPHA; ZFH,CHD3-related macrocephaly and impaired speech and language,618205,,monoallelic_autosomal,,strong,altered gene product structure,inframe_insertion; missense_variant; inframe_deletion,undetermined,inferred,,HP:0000256; HP:0011398; HP:0001249; HP:0011098; HP:0000717,30397230; 32483341; 33358638; 33571694; 34535214; 35346573; 36565043,DD,,2025-01-14 17:12:50+00:00
G2P02580,HDAC8,300269,HGNC:13315,HDACL1; KDAC8; MRXS6; RPD3; WTS,HDAC8-related Cornelia de Lange syndrome,,,monoallelic_X_heterozygous,,definitive,absent gene product,,loss of function,inferred,,HP:0002808; HP:0004322; HP:0000252; HP:0000248; HP:0000336; HP:0000028; HP:0008734; HP:0001956; HP:0000692; HP:0000750; HP:0001249; HP:0003199; HP:0000823; HP:0200055; HP:0000135; HP:0000054; HP:0000278; HP:0000455; HP:0000490; HP:0000712; HP:0000771; HP:0001182; HP:0001419; HP:0001423; HP:0001773,29991052; 29519750; 29279609; 26671848; 25805374; 24403048; 22885700; 22889856; 25102095; 25800122,DD,,2025-01-17 10:00:51+00:00
G2P02621,PIGS,610271,HGNC:14937,PIG-S,PIGS-related neurological syndrome fetal akinesia/epileptic encephalopathy,,,biallelic_autosomal,,strong,absent gene product,,loss of function,inferred,,,30269814,DD,,2019-03-27 22:15:18+00:00
G2P02792,FAT4,612411,HGNC:23109,CDHF14; CDHR11; FAT-J,FAT4-related Hennekam lymphangiectasia-lymphedema syndrome,616006,,biallelic_autosomal,,definitive,uncertain,,undetermined,inferred,,,24913602,DD,,2019-09-18 14:19:07+00:00
G2P02851,ZC4H2,300897,HGNC:24931,HCA127; KIAA1166; MCS; MRXS4; WWS,ZC4H2-related arthrogryposis multiplex congenita and intellectual disability,314580,,monoallelic_X_heterozygous,,definitive,absent gene product,,loss of function,inferred,,,31206972; 23623388; 36250278; 29254829; 31885220; 33949289; 35504761; 36140726; 37519288,DD,,2025-01-28 18:14:28+00:00
G2P03013,TFE3,314310,HGNC:11752,BHLHE33; TFEA,TFE3-related intellectual disability with pigmentary mosaicism and coarse features,,,monoallelic_X_heterozygous,,definitive,altered gene product structure,inframe_insertion; missense_variant; inframe_deletion,undetermined,inferred,,HP:0001250; HP:0001257; HP:0001513; HP:0002151; HP:0001249; HP:0025293,32409512; 30595499; 31833172; 33057194; 1672758,DD,,2024-08-22 19:06:53+00:00
G2P03097,MED27,605044,HGNC:2377,CRSP34; CRSP8; MED3; TRAP37,MED27-related neurodevelopmental disorder,,MONDO:0700092,biallelic_autosomal,,strong,absent gene product,,loss of function,inferred,,,33443317; 37517035,DD,,2021-01-28 16:46:55+00:00
G2P03112,NFE2L2,600492,HGNC:7782,NRF-2; NRF2,"NFE2L2-related leukoencephalopathy, immune deficiency and hypohomocysteinaemia",617744,,monoallelic_autosomal,restricted mutation set,strong,altered gene product structure,,gain of function,inferred,,HP:0001871; HP:0002715; HP:0011844; HP:0001367; HP:0001903; HP:0000951; HP:0002817; HP:0001155; HP:0000098; HP:0001167; HP:0011297; HP:0000153; HP:0000271; HP:0001780; HP:0001760; HP:0006487; HP:0000366; HP:0004209; HP:0000014; HP:0004349; HP:0001654; HP:0004452; HP:0000370; HP:0002815; HP:0000159; HP:0001000; HP:0011968; HP:0002315; HP:0000518; HP:0100326; HP:0000501; HP:0001608; HP:0001511; HP:0000177; HP:0002099; HP:0002020; HP:0002076; HP:0002100; HP:0002240; HP:0002857; HP:0000939; HP:0001744; HP:0000545; HP:0000233; HP:0011003; HP:0000319; HP:0000362; HP:0000963; HP:0001620; HP:0001659; HP:0001773,29018201,DD,,2021-03-29 14:20:52+00:00
G2P03159,POU4F1,601632,HGNC:9218,BRN3A; RDC-1,"POU4F1-related ataxia, intention tremor, and hypotonia syndrome",619352,,monoallelic_autosomal,,strong,absent gene product,,loss of function,inferred,,,33783914,DD,,2021-07-16 18:08:36+00:00
G2P03168,GLRA1,138491,HGNC:4326,STHE,GLRA1-related hyperexplexia,149400,,monoallelic_autosomal,,definitive,altered gene product structure,inframe_insertion; missense_variant; inframe_deletion,undetermined,inferred,,,24030948; 30109271; 24970905; 9920650; 20631190; 8733061; 14580232; 14673895; 15771552; 18043720; 19073849; 24969041; 29602144; 30182260,DD,,2025-01-21 13:23:54+00:00
G2P03169,GLRA1,138491,HGNC:4326,STHE,GLRA1-related hyperexplexia,149400,,biallelic_autosomal,,definitive,absent gene product,,loss of function,inferred,,,24030948; 28985719; 32319239; 24970905; 32332682; 25036534; 20631190; 8651283; 10514101; 16078201; 16832093; 17534957; 22264702; 22290764; 23143726; 35636282; 36434917,DD,,2025-01-21 13:23:36+00:00
G2P03173,KCNA1,176260,HGNC:6218,AEMK; HUK1; KV1.1; MBK1; RBK1,KCNA1-related epileptic encephalopathy,,,biallelic_autosomal,,limited,altered gene product structure,inframe_insertion; missense_variant; inframe_deletion,undetermined,inferred,,,31586945,DD,,2025-01-21 13:59:10+00:00
G2P03184,PUS3,616283,HGNC:25461,DEG1; FKSG32,PUS3-related neurodevelopmental disorder with microcephaly and gray sclerae,,,biallelic_autosomal,,definitive,absent gene product,,loss of function,inferred,,,34415064; 32056211; 31444731; 30697592; 30308082; 27055666; 34713961; 36125428,DD,,2021-09-09 16:44:10+00:00
G2P03185,ATG7,608760,HGNC:16935,APG7L; DKFZP434N0735; GSA7,ATG7-related intellectual disability and ataxia,619422,,biallelic_autosomal,,strong,absent gene product,,loss of function,inferred,,,34161705,DD,,2021-09-29 10:48:29+00:00
G2P03201,RYR2,180902,HGNC:10484,ARVC2; ARVD2; VTSIP,RYR2-related catecholaminergic polymorphic ventricular tachycardia and intellectual disability,,,monoallelic_autosomal,potential secondary finding,limited,altered gene product structure,inframe_insertion; missense_variant; inframe_deletion,undetermined,inferred,,,30170228; 11157710; 15544013; 15544015; 15720454; 16084945; 16188589; 16272262; 17875969; 19781797; 19926015; 21126784; 21652165; 22222782; 22334434; 22519458,DD,,2025-01-21 15:05:05+00:00
G2P03207,ONECUT1,604164,HGNC:8138,HNF-6; HNF6; HNF6A,ONECUT1-related neonatal diabetes,,,biallelic_autosomal,,strong,absent gene product,,loss of function,inferred,,,34663987; 37639628; 37941991,DD,,2025-01-16 11:29:57+00:00
G2P03231,HYAL2,603551,HGNC:5321,LUCA-2; LUCA2,HYAL2-related syndrome with cleft lip and palate and congenital cardiac anomalies,,,biallelic_autosomal,,strong,absent gene product,,undetermined,inferred,,,34906488; 28081210,DD,,2022-01-17 11:11:48+00:00
G2P03328,CLDN5,602101,HGNC:2047,AWAL; BEC1; CPETRL1; TMVCF,CLDN5-related neurodevelopmental disorder,,MONDO:0700092,monoallelic_autosomal,restricted mutation set,limited,altered gene product structure,,undetermined,inferred,,,35714222; 36477332,DD,,2022-08-05 16:33:20+00:00
G2P03465,STX1A,186590,HGNC:11433,HPC-1; P35-1; STX1,STX1A-related neurodevelopmental disorder with epilepsy,,,monoallelic_autosomal,,moderate,altered gene product structure,missense_variant; inframe_deletion,undetermined,inferred,,,36564538,DD,"Potentially restricted repertoire ?gain-of-function mechanism, however not currently enough data to say definitively.",2023-08-02 11:39:43+00:00
G2P03471,EIF4A2,601102,HGNC:3284,BM-010; DDX2B; EIF4A; EIF4F,EIF4A2-related neurodevelopmental disorder with hypotonia and epilepsy,620455,,monoallelic_autosomal,typically de novo,moderate,altered gene product structure,frameshift_variant_NMD_triggering; missense_variant,undetermined,inferred,,,36528028,DD,,2025-01-15 23:32:54+00:00
G2P00001,HMX1,142992,HGNC:5017,H6; NKX5-3,HMX1-related oculoauricular syndrome,612109,,biallelic_autosomal,,definitive,absent gene product,,loss of function,inferred,,HP:0004328; HP:0000505; HP:0000556; HP:0000639; HP:0000568; HP:0000518; HP:0007906; HP:0008572; HP:0000589; HP:0000007; HP:0000482; HP:0000647; HP:0001104,18423520; 25574057; 29140751,DD; Eye,,2019-09-26 16:23:46+00:00
G2P00002,SLX4,613278,HGNC:23845,BTBD12; FANCP; KIAA1784; KIAA1987,SLX4-related Fanconi anemia,613951,,biallelic_autosomal,,definitive,absent gene product,,loss of function,inferred,,HP:0001903; HP:0004322; HP:0000347; HP:0003828; HP:0000252; HP:0000957; HP:0000581; HP:0000365; HP:0000028; HP:0002860; HP:0002984; HP:0001045; HP:0009778; HP:0009777; HP:0000007; HP:0000085; HP:0000125; HP:0000414,21240275; 21240277,DD,,2025-01-28 23:09:54+00:00
G2P00003,ARG1,608313,HGNC:663,,ARG1-related argininemia,207800,,biallelic_autosomal,,definitive,absent gene product,,loss of function,inferred,,HP:0001250; HP:0001987; HP:0008339; HP:0008897; HP:0001263; HP:0002013; HP:0002039; HP:0001249; HP:0002478; HP:0000752; HP:0003218; HP:0000737; HP:0000007,10502833; 1598908; 7649538; 1463019; 2365823,DD,,2015-07-22 16:14:07+00:00
G2P00004,ATR,601215,HGNC:882,FRP1; MEC1; SCKL; SCKL1,ATR-related Seckel syndrome,210600,,biallelic_autosomal,,strong,absent gene product,,loss of function,inferred,,HP:0000047; HP:0002650; HP:0003508; HP:0000347; HP:0002750; HP:0004209; HP:0010230; HP:0010583; HP:0000377; HP:0000324; HP:0000252; HP:0001883; HP:0003083; HP:0001250; HP:0001320; HP:0000954; HP:0001090; HP:0000581; HP:0000028; HP:0002827; HP:0001511; HP:0000175; HP:0000689; HP:0001876; HP:0001249; HP:0000218; HP:0002987; HP:0001592; HP:0000486; HP:0001302; HP:0006143; HP:0006297; HP:0006434; HP:0006442; HP:0000752; HP:0007048; HP:0001763; HP:0000007; HP:0000057; HP:0000237; HP:0000340; HP:0000369; HP:0000444; HP:0000448; HP:0000494; HP:0000678; HP:0000878; HP:0001852,,DD; Skeletal,,2025-01-27 14:24:27+00:00
G2P00005,FANCB,300515,HGNC:3583,FAAP95; FAB; FLJ34064,FANCB-related Fanconi anemia,300514,,monoallelic_X_hemizygous,,definitive,absent gene product,,loss of function,inferred,,HP:0000119; HP:0001939; HP:0001871; HP:0002715; HP:0000707; HP:0025031; HP:0000924; HP:0025142; HP:0001626; HP:0003565; HP:0000083; HP:0001369; HP:0002086; HP:0002829; HP:0002586; HP:0000100; HP:0002027; HP:0001974; HP:0001917; HP:0001954; HP:0002102; HP:0002240; HP:0001701; HP:0001744; HP:0001287,16679491; 21910217; 36135330; 32106311; 30792206; 29232005; 29193904; 26683739; 25168418; 24584348; 23613520; 22052692; 15502827,DD; Skin,,2024-08-20 14:13:58+00:00
G2P00006,ALG9,606941,HGNC:15672,DIBD1,ALG9-related congenital disorder of glycosylation,300153,,biallelic_autosomal,,strong,absent gene product,,loss of function,inferred,,,,DD,,2025-01-21 22:30:30+00:00
G2P00007,NTRK1,191315,HGNC:8031,MTC; TRK; TRKA,NTRK1-related congenital insensitivity to pain with anhidrosis,256800,,biallelic_autosomal,,definitive,absent gene product,,loss of function,inferred,,HP:0001939; HP:0002715; HP:0000707; HP:0000924; HP:0003549; HP:0040064; HP:0001574; HP:0001626; HP:0003593; HP:0000478; HP:0004782; HP:0002754; HP:0002164; HP:0008404; HP:0007249; HP:0007759; HP:0000742; HP:0001263; HP:0000491; HP:0001954; HP:0001249; HP:0002459; HP:0002821; HP:0005307; HP:0000752; HP:0007021; HP:0000007; HP:0000559; HP:0000712; HP:0000970; HP:0001226,10233776; 10861667; 10982191; 10330344; 10090906; 8696348; 19250380; 8145823,DD; Skin,,2017-09-01 16:19:16+00:00
G2P00008,YAP1,606608,HGNC:16262,YAP-1; YAP65,"YAP1-related coloboma, ocular, with or without hearing impairment, cleft lip/palate, and/or intellectual developmental disorder",120433,,monoallelic_autosomal,,strong,absent gene product,,loss of function,inferred,,HP:0003829; HP:0000568; HP:0000518; HP:0000407; HP:0000175; HP:0002006; HP:0001249; HP:0000790; HP:0000567; HP:0000006; HP:0000612,24462371; 27267789,DD; Eye,,2017-05-12 10:48:00+00:00
G2P00009,BBS9,607968,HGNC:30000,B1; PTHB1,BBS9-related Bardet-Biedl syndrome,615986,,biallelic_autosomal,,definitive,absent gene product,,loss of function,inferred,,HP:0000822; HP:0000077; HP:0003812; HP:0003828; HP:0001156; HP:0000256; HP:0001159; HP:0000819; HP:0001080; HP:0000137; HP:0000505; HP:0000556; HP:0000639; HP:0002167; HP:0000510; HP:0001251; HP:0000518; HP:0007707; HP:0000501; HP:0000365; HP:0008734; HP:0001513; HP:0001007; HP:0001263; HP:0000750; HP:0002099; HP:0002141; HP:0001249; HP:0002251; HP:0002370; HP:0001328; HP:0001395; HP:0000218; HP:0000486; HP:0001712; HP:0001162; HP:0010442; HP:0001829; HP:0000545; HP:0000483; HP:0009466; HP:0009806; HP:0000007; HP:0000135; HP:0000054; HP:0000148; HP:0000668; HP:0000678; HP:0001773,16380913; 22353939,DD; Eye,,2025-01-21 22:09:55+00:00
G2P00010,TRIM32,602290,HGNC:16380,BBS11; HT2A; LGMD2H; TATIP,TRIM32-related Bardet-Biedl syndrome,615988,,biallelic_autosomal,,limited,uncertain,,undetermined,inferred,,HP:0000822; HP:0000077; HP:0001156; HP:0000256; HP:0001159; HP:0000819; HP:0001080; HP:0000137; HP:0000556; HP:0000639; HP:0002167; HP:0000510; HP:0001251; HP:0000518; HP:0007707; HP:0000501; HP:0000365; HP:0008734; HP:0001513; HP:0001007; HP:0001263; HP:0000750; HP:0002099; HP:0002141; HP:0001249; HP:0002251; HP:0002370; HP:0001328; HP:0001395; HP:0000218; HP:0000486; HP:0001712; HP:0001162; HP:0001829; HP:0000545; HP:0000483; HP:0009466; HP:0009806; HP:0000007; HP:0000135; HP:0000054; HP:0000148; HP:0000668; HP:0000678; HP:0001773,16606853,DD; Eye,,2025-01-21 22:12:35+00:00
G2P00011,PAX2,167409,HGNC:8616,PAX-2,PAX2-related papillorenal syndrome,120330,,monoallelic_autosomal,,definitive,absent gene product,,loss of function,inferred,,HP:0000969; HP:0003774; HP:0004712; HP:0000787; HP:0000533; HP:0001144; HP:0001250; HP:0007099; HP:0000608; HP:0000568; HP:0000541; HP:0000518; HP:0000407; HP:0011509; HP:0002171; HP:0012019; HP:0001249; HP:0000093; HP:0000089; HP:0000480; HP:0000003; HP:0000006; HP:0000076; HP:0000085; HP:0000588,9760197; 3377002; 11461952; 2644560; 7795640; 11093271; 9106533,DD; Eye,,2015-07-22 16:14:08+00:00
G2P00013,ADAR,146920,HGNC:225,ADAR1; DRADA; G1P1; IFI4,ADAR-related dyschromatosis symmetrica hereditaria,127400,,monoallelic_autosomal,,definitive,absent gene product,,loss of function,inferred,,HP:0003593; HP:0007441; HP:0000006,12916015; 17478391; 16817193; 16935814; 15146470; 16133458; 16536805; 17680540; 25468572; 27747905,DD,,2025-01-21 16:26:07+00:00
G2P00014,FEZF1,613301,HGNC:22788,ZNF312B,FEZF1-relatedhypogonadotropic hypogonadism with or without anosmia,616030,,biallelic_autosomal,,strong,absent gene product,,loss of function,inferred,,,25192046,DD,,2015-07-22 16:14:09+00:00
G2P00015,FLNB,603381,HGNC:3755,ABP-278; FH1; FLN1L; LRS1; TABP; TAP,FLNB-related spondylocarpotarsal synostosis syndrome,272460,,biallelic_autosomal,,definitive,absent gene product,,loss of function,inferred,,HP:0002644; HP:0003305; HP:0002948; HP:0003422; HP:0003307; HP:0003311; HP:0002650; HP:0003521; HP:0002750; HP:0004209; HP:0009702; HP:0000107; HP:0000518; HP:0007961; HP:0008368; HP:0008456; HP:0000175; HP:0002091; HP:0002656; HP:0003196; HP:0006297; HP:0001763; HP:0000007; HP:0000283; HP:0000316; HP:0000384; HP:0000410; HP:0000455; HP:0000470,14991055; 18386804; 18257094; 29566257; 33407338; 33916386; 37781000,DD; Eye; Skeletal,,2023-05-24 09:07:25+00:00
G2P00016,NAA10,300013,HGNC:18704,ARD1; ARD1A; DXS707; TE2,NAA10-related nonpecific severe intellectual disability,,,monoallelic_X_heterozygous,,definitive,altered gene product structure,inframe_insertion; missense_variant; inframe_deletion,undetermined,inferred,,,25099252,DD,,2015-07-22 16:14:09+00:00
G2P00017,MOGS,601336,HGNC:24862,CWH41; DER7; GCS1,MOGS-related congenital disorder of glycosylation,612379,,biallelic_autosomal,,strong,altered gene product structure,inframe_insertion; missense_variant; inframe_deletion,undetermined,inferred,,HP:0001939; HP:0001252; HP:0002791; HP:0008872; HP:0001250; HP:0000527; HP:0000581; HP:0002240; HP:0000218; HP:0002943; HP:0010557; HP:0000007; HP:0000269; HP:0000278; HP:0000445; HP:0001188,,DD,,2015-07-22 16:14:09+00:00
G2P00018,AGPS,603051,HGNC:327,ADAP-S; ADAS; ADHAPS; ADPS; ALDHPSY,AGPS-related rhizomelic chondrodysplasia punctata,600121,,biallelic_autosomal,,definitive,uncertain,,undetermined,inferred,,HP:0010655; HP:0008905; HP:0008873; HP:0000518; HP:0001508; HP:0003097; HP:0005792; HP:0000007,7807941; 11152660,DD; Eye; Skeletal,,2023-05-24 09:07:26+00:00
G2P00019,OFD1,300170,HGNC:2567,71-7A; CXORF5; JBTS10; RP23,OFD1-related oral-facial-digital syndrome,311200,,monoallelic_X_heterozygous,,definitive,absent gene product,,loss of function,inferred,,HP:0001627; HP:0004322; HP:0000822; HP:0003577; HP:0001780; HP:0001156; HP:0000324; HP:0000252; HP:0008070; HP:0001596; HP:0001159; HP:0001317; HP:0000138; HP:0001250; HP:0002536; HP:0000365; HP:0009085; HP:0000175; HP:0002007; HP:0002132; HP:0001249; HP:0002281; HP:0000238; HP:0002444; HP:0001395; HP:0000218; HP:0000093; HP:0100702; HP:0010442; HP:0006297; HP:0000286; HP:0011069; HP:0006349; HP:0009466; HP:0010297; HP:0000161; HP:0000113; HP:0000180; HP:0000199; HP:0000308; HP:0000316; HP:0000369; HP:0000430; HP:0000431; HP:0000494; HP:0000670; HP:0001056; HP:0001274; HP:0001407; HP:0001423; HP:0001737,9198060; 11950863; 11179005; 15221448; 9482645,DD; Skeletal,,2023-05-24 09:07:26+00:00
G2P00020,PAFAH1B1,601545,HGNC:8574,LIS1; MDCR; MDS; NUDF; PAFAH,PAFAH1B1-related lissencephaly,607432,,monoallelic_autosomal,,definitive,absent gene product,,loss of function,inferred,,HP:0003745; HP:0003828; HP:0005484; HP:0002500; HP:0001250; HP:0001321; HP:0002119; HP:0002282; HP:0001339; HP:0008936; HP:0001263; HP:0001249; HP:0002365; HP:0001302; HP:0001285,14581661; 15007136; 11502906; 10441340,DD,,2015-07-22 16:14:09+00:00
G2P00021,COL1A1,120150,HGNC:2197,OI4,COL1A1-related osteogenesis imperfecta spectrum,,,monoallelic_autosomal,restricted mutation set,definitive,altered gene product structure,,dominant negative,inferred,,HP:0000707; HP:0002644; HP:0003321; HP:0004586; HP:0000926; HP:0001507; HP:0001252; HP:0000765; HP:0002808; HP:0002650; HP:0003502; HP:0000347; HP:0003100; HP:0005622; HP:0002757; HP:0002659; HP:0000239; HP:0001634; HP:0002093; HP:0008873; HP:0002980; HP:0001382; HP:0001075; HP:0000974; HP:0000365; HP:0008780; HP:0008921; HP:0002007; HP:0002092; HP:0002194; HP:0002645; HP:0002691; HP:0002982; HP:0003023; HP:0003088; HP:0003179; HP:0001622; HP:0005474; HP:0005855; HP:0005897; HP:0006367; HP:0001635; HP:0010444; HP:0001623; HP:0000703; HP:0000006; HP:0000007; HP:0000260; HP:0000272; HP:0000325; HP:0000362; HP:0000444; HP:0000592; HP:0000923; HP:0000938; HP:0000963; HP:0000977; HP:0000978; HP:0001058; HP:0001388; HP:0001518; HP:0001724; HP:0001790,9295084; 3082886; 18409203; 2295701; 1988452; 15728585; 1737847; 9067755; 15024692; 8757037; 8408653; 1634225; 8786074; 8723681; 11286507; 2511192; 8910493; 8456809; 7789952; 1770532; 21834035; 8364588; 2037280; 3403550; 2794057; 8950680; 8097422; 7816518; 3667599; 8100209; 12538651; 1613761; 2298750; 3108247; 1864604; 2309707; 7881420; 2500431; 2913053; 1874719; 2339700,DD; Skin; Skeletal,,2025-01-15 11:51:09+00:00
G2P00022,CAMTA1,611501,HGNC:18806,KIAA0833,CAMTA1-related cerebellar dysfunction with variable cognitive and behavioral abnormalities,614756,,monoallelic_autosomal,,definitive,absent gene product,splice_region_variant; frameshift_variant_NMD_triggering; stop_gained_NMD_triggering; missense_variant,loss of function,inferred,,HP:0001321; HP:0001251; HP:0001260; HP:0001319; HP:0001263; HP:0000750; HP:0002003; HP:0002317; HP:0100540; HP:0000486; HP:0000006; HP:0000160; HP:0000179; HP:0000276; HP:0000307; HP:0000343; HP:0000414; HP:0000463; HP:0001256,22693284; 38044714,DD,,2024-04-16 18:04:31+00:00
G2P00023,CHST3,603799,HGNC:1971,C6ST; C6ST1,CHST3-related spondyloepiphyseal dysplasia with congenital joint dislocations,143095,,biallelic_autosomal,,definitive,absent gene product,,loss of function,inferred,,HP:0003301; HP:0003071; HP:0003417; HP:0002751; HP:0002750; HP:0003834; HP:0010585; HP:0009882; HP:0009803; HP:0009179; HP:0001156; HP:0002945; HP:0001762; HP:0004976; HP:0008905; HP:0003042; HP:0003022; HP:0002829; HP:0100490; HP:0007598; HP:0008450; HP:0000365; HP:0008551; HP:0001718; HP:0001629; HP:0002092; HP:0002194; HP:0002515; HP:0002553; HP:0002655; HP:0000218; HP:0003040; HP:0002857; HP:0002938; HP:0002967; HP:0002982; HP:0003031; HP:0003090; HP:0003093; HP:0003184; HP:0001714; HP:0005180; HP:0010049; HP:0006067; HP:0000684; HP:0000691; HP:0000687; HP:0006462; HP:0006471; HP:0006610; HP:0010446; HP:0001642; HP:0000535; HP:0001763; HP:0100864; HP:0000006; HP:0000007; HP:0000316; HP:0000337; HP:0000343; HP:0000470; HP:0001552; HP:0001650; HP:0001653; HP:0001659,112567; 18698629; 20830804; 15098240; 18513679; 19320654,DD; Skeletal,,2023-05-24 09:07:26+00:00
G2P00024,HRAS,190020,HGNC:5173,HRAS1,HRAS-related Costello syndrome,218040,,monoallelic_autosomal,restricted mutation set,definitive,altered gene product structure,,gain of function,inferred,,HP:0004322; HP:0003745; HP:0003764; HP:0000083; HP:0000347; HP:0011675; HP:0000256; HP:0008070; HP:0001869; HP:0001762; HP:0001634; HP:0002093; HP:0002107; HP:0001943; HP:0002996; HP:0000158; HP:0001000; HP:0001631; HP:0002119; HP:0007099; HP:0002059; HP:0000508; HP:0002779; HP:0001508; HP:0001263; HP:0001629; HP:0012081; HP:0002021; HP:0002033; HP:0001249; HP:0002212; HP:0000238; HP:0000218; HP:0002780; HP:0002859; HP:0002862; HP:0002870; HP:0000486; HP:0001622; HP:0001639; HP:0001187; HP:0005280; HP:0005989; HP:0006191; HP:0000286; HP:0001642; HP:0001699; HP:0000006; HP:0000179; HP:0000260; HP:0000280; HP:0000293; HP:0000307; HP:0000316; HP:0000358; HP:0000369; HP:0000463; HP:0000465; HP:0000470; HP:0000494; HP:0000768; HP:0000956; HP:0001548; HP:0001552; HP:0001561; HP:0001598; HP:0001609; HP:0001771; HP:0001808; HP:0001814,16443854; 17468812; 18247425; 16835863; 18039947; 17412879; 16170316; 19995790; 17054105; 17056636,DD; Skin,,2017-09-01 16:19:15+00:00
G2P00025,RPGRIP1,605446,HGNC:13436,CORD13; LCA6; RGI1; RPGRIP,RPGRIP1-related Leber congenital amaurosis,613826,,biallelic_autosomal,,definitive,absent gene product,,loss of function,inferred,,HP:0000556; HP:0000518; HP:0012043; HP:0007843; HP:0008499; HP:0011463; HP:0000007; HP:0000550; HP:0000563; HP:0000613; HP:0001141,11528500; 11283794,DD; Eye,,2025-01-27 10:43:36+00:00
G2P00026,RIPK4,605706,HGNC:496,ANKK2; ANKRD3; DIK; PKK; RIP4,"RIPK4-related popliteal pterygium syndrome, lethal type",263650,,biallelic_autosomal,,definitive,absent gene product,,loss of function,inferred,,HP:0000062; HP:0000347; HP:0009803; HP:0001159; HP:0000050; HP:0007418; HP:0000568; HP:0000561; HP:0001792; HP:0008689; HP:0001511; HP:0000175; HP:0000204; HP:0002006; HP:0002025; HP:0002223; HP:0003196; HP:0001798; HP:0000327; HP:0000882; HP:0006610; HP:0009755; HP:0009756; HP:0009777; HP:0000007; HP:0000059; HP:0000316; HP:0000369; HP:0000378,15264293; 22197488; 28940926; 33713555,DD; Skin,,2025-02-07 12:49:02+00:00
G2P00027,BRIP1,605882,HGNC:20473,BACH1; FANCJ; OF,BRIP1-related Fanconi anemia,609054,,biallelic_autosomal,,definitive,absent gene product,,loss of function,inferred,,HP:0007565; HP:0000568; HP:0001511; HP:0008897; HP:0001263; HP:0005528; HP:0009778; HP:0003221; HP:0000007,16116424,DD; Cancer,,2025-01-28 23:03:26+00:00
G2P00028,TBX3,601621,HGNC:11602,TBX3-ISO; UMS; XHL,TBX3-related Ulnar-mammary syndrome,181450,,monoallelic_autosomal,,definitive,absent gene product,,loss of function,inferred,,HP:0003974; HP:0003977; HP:0003982; HP:0003022; HP:0007397; HP:0008093; HP:0001513; HP:0001629; HP:0011755; HP:0011917; HP:0002021; HP:0002023; HP:0002025; HP:0002215; HP:0002557; HP:0002984; HP:0003186; HP:0003187; HP:0000823; HP:0005338; HP:0001162; HP:0005792; HP:0000882; HP:0000894; HP:0010627; HP:0000006; HP:0000023; HP:0000049; HP:0000054; HP:0000668; HP:0001607,19938096; 12116211; 9207801; 12668170,DD; Skeletal,,2023-05-24 09:07:26+00:00
G2P00029,LAMA1,150320,HGNC:6481,LAMA,LAMA1-related cerebellar dysplasia with cysts with or without retinal dystrophy,615960,,biallelic_autosomal,,definitive,absent gene product,,loss of function,inferred,,HP:0011844; HP:0001371; HP:0001288; HP:0002817; HP:0001155; HP:0001167; HP:0011297; HP:0000733; HP:0001760; HP:0004209; HP:0002186; HP:0001317; HP:0000496; HP:0002334; HP:0001251; HP:0002418; HP:0011398; HP:0000657,25105227; 21937992; 27095636; 29167897; 33083009; 34423300; 35224822; 35535551; 35616092,DD; Eye,,2015-07-22 16:14:10+00:00
G2P00030,ERLIN2,611605,HGNC:1356,C8ORF2; ERLIN-2; NET32; SPFH2; SPG18,ERLIN2-related intellectual developmental disorder,611225,,biallelic_autosomal,,limited,altered gene product structure,inframe_insertion; missense_variant; inframe_deletion,undetermined,inferred,,,21937992,DD,,2025-01-16 13:37:48+00:00
G2P00031,PCCA,232000,HGNC:8653,,PCCA-related propionic acidemia,606054,,biallelic_autosomal,,definitive,absent gene product,,loss of function,inferred,,HP:0001903; HP:0003353; HP:0004322; HP:0001332; HP:0004396; HP:0001873; HP:0003128; HP:0001944; HP:0001942; HP:0001943; HP:0008872; HP:0001250; HP:0002059; HP:0000964; HP:0001987; HP:0002154; HP:0001508; HP:0008936; HP:0001263; HP:0001638; HP:0011695; HP:0001254; HP:0001875; HP:0001876; HP:0002013; HP:0002019; HP:0002104; HP:0002240; HP:0002509; HP:0002789; HP:0003108; HP:0001733; HP:0000939; HP:0006846; HP:0000007; HP:0001259,10820128; 8295402; 8411997; 17966092; 9887338; 12189489; 9683601; 9385377; 10101253; 8225321,DD; Skin,,2017-09-01 16:19:16+00:00
G2P00032,COG7,606978,HGNC:18622,,COG7-related congenital disorder of glycosylation,300171,,biallelic_autosomal,,definitive,absent gene product,,loss of function,inferred,,,,DD,,2015-07-22 16:14:11+00:00
G2P00034,MECP2,300005,HGNC:6990,MRX16; MRX79; RTT,MECP2-related Rett syndrome,312750,,monoallelic_X_heterozygous,,definitive,absent gene product,,loss of function,inferred,,HP:0003202; HP:0002808; HP:0002650; HP:0004322; HP:0003763; HP:0000164; HP:0004326; HP:0001332; HP:0005484; HP:0004879; HP:0001250; HP:0002120; HP:0001257; HP:0002078; HP:0002066; HP:0002353; HP:0005135; HP:0002019; HP:0002020; HP:0002187; HP:0002333; HP:0002376; HP:0005184; HP:0010521; HP:0001423; HP:0001773,16630165; 15034579; 10854091; 11214906; 12481990; 11022934; 19034540; 10814718; 11313756; 15857422; 10767337; 11930274; 18989701; 10508514; 10577905; 10737989; 10814719; 10944854; 10991688; 10991689; 11106359; 11245712; 11269512; 11309679; 11313764; 11331619; 11376998; 11462237; 11469283; 11524737; 11738860; 11738864; 11738879; 11738883; 11738884; 11768391; 11913567; 11955928,DD,,2020-12-16 13:14:42+00:00
G2P00035,FTL,134790,HGNC:3999,FTL1; MGC71996; NBIA3,FTL-related hereditary hyperferritinemia-cataract syndrome,600886,,monoallelic_autosomal,,definitive,absent gene product,,loss of function,inferred,,HP:0003281; HP:0010693; HP:0008024; HP:0000006,19176363; 12200611; 7669675; 9414300; 9414313; 7493028; 9226182; 9292547; 11849230; 10759702,DD; Eye,,2019-10-16 15:56:51+00:00
G2P00036,CBL,165360,HGNC:1541,C-CBL; CBL2; RNF55,CBL-related Noonan syndrome-like disorder with or without juvenile meylomonocytic leukemia,613563,,monoallelic_autosomal,restricted mutation set,definitive,altered gene product structure,,gain of function,inferred,,HP:0002715; HP:0000951; HP:0004322; HP:0000271; HP:0000929; HP:0000598; HP:0100659; HP:0012733; HP:0001000; HP:0000492; HP:0007400; HP:0000953; HP:0000957; HP:0008050; HP:0011342; HP:0001263; HP:0001249; HP:0002240; HP:0001744; HP:0000369; HP:0000494; HP:0001256,20619386; 20694012; 20543203,DD,,2025-01-27 09:29:25+00:00
G2P00038,TGFB3,190230,HGNC:11769,ARVD; ARVD1,TGFB3-related Loeys-Dietz syndrome,615582,,monoallelic_autosomal,,definitive,absent gene product,,loss of function,inferred,,,24798638,DD; Skeletal,,2023-05-24 09:07:26+00:00
G2P00039,PIGO,614730,HGNC:23215,DKFZP434M222; FLJ00135; PIG-O,PIGO-related hyperphosphatasia with intellectual developmental disorder syndrome,614749,,biallelic_autosomal,,definitive,absent gene product,,loss of function,inferred,,HP:0001510; HP:0003577; HP:0000252; HP:0001631; HP:0001250; HP:0002119; HP:0003155; HP:0001357; HP:0000750; HP:0002023; HP:0002025; HP:0003196; HP:0010804; HP:0000007; HP:0000076; HP:0000316; HP:0000431; HP:0000455; HP:0000637,22683086,DD,,2015-07-22 16:14:11+00:00
G2P00040,GJA1,121014,HGNC:4274,CX43; GJAL; ODD; ODDD; ODOD; SDTY3,GJA1-related Hallermann-Streiff syndrome,234100,,biallelic_autosomal,,limited,altered gene product structure,inframe_insertion; missense_variant; inframe_deletion,undetermined,inferred,,HP:0002414; HP:0003307; HP:0001155; HP:0002650; HP:0003508; HP:0003745; HP:0000347; HP:0003016; HP:0003100; HP:0004334; HP:0000252; HP:0000248; HP:0008070; HP:0004782; HP:0002205; HP:0001382; HP:0001547; HP:0001009; HP:0000639; HP:0000268; HP:0001266; HP:0002069; HP:0000568; HP:0000541; HP:0000518; HP:0000653; HP:0000028; HP:0002779; HP:0000689; HP:0012231; HP:0002007; HP:0002092; HP:0001249; HP:0002213; HP:0002645; HP:0002691; HP:0000218; HP:0001739; HP:0002870; HP:0001592; HP:0000486; HP:0011069; HP:0006532; HP:0006611; HP:0000752; HP:0000233; HP:0010539; HP:0000535; HP:0000160; HP:0000232; HP:0000242; HP:0000272; HP:0000369; HP:0000430; HP:0000460; HP:0000482; HP:0000494; HP:0000588; HP:0000592; HP:0000611; HP:0000612; HP:0000695; HP:0000767; HP:0000883; HP:0000958; HP:0001518,14981729; 14974090,DD; Eye; Skin; Skeletal,,2023-05-24 09:07:26+00:00
G2P00041,PLK4,605031,HGNC:11397,SAK; STK18,"PLK4-related microcephaly, growth failure and retinopathy",616171,,biallelic_autosomal,,definitive,absent gene product,,loss of function,inferred,,,25344692,DD; Eye,,2015-07-22 16:14:12+00:00
G2P00042,ARSA,607574,HGNC:713,ASA,ARSA-related arylsulfatase a deficiency,250100,,biallelic_autosomal,,definitive,absent gene product,,loss of function,inferred,,HP:0001288; HP:0001252; HP:0000762; HP:0003445; HP:0011096; HP:0003487; HP:0001332; HP:0001268; HP:0002500; HP:0001250; HP:0001347; HP:0002072; HP:0007133; HP:0001251; HP:0000648; HP:0001260; HP:0000738; HP:0001265; HP:0001249; HP:0002371; HP:0002445; HP:0002510; HP:0002922; HP:0005609; HP:0000746; HP:0000020; HP:0000007; HP:0000712; HP:0001082; HP:0001283,7981715; 11456299; 1676699; 1353340; 1684088; 2574462; 11061266; 8104633; 9600244; 1673291; 8101038; 7902317; 7909527; 7815433; 1670590; 7906588; 12788103; 1678251; 7858169; 7833949; 8101083; 11941485; 7866401,DD,,2015-07-22 16:14:12+00:00
G2P00043,CLN3,607042,HGNC:2074,BTN1; BTS; JNCL,CLN3-related neuronal ceroid lipofuscinosis,204200,,biallelic_autosomal,,definitive,absent gene product,,loss of function,inferred,,HP:0003463; HP:0001336; HP:0000726; HP:0001317; HP:0001250; HP:0000510; HP:0002059; HP:0000608; HP:0000618; HP:0000529; HP:0000648; HP:0001260; HP:0002505; HP:0001922; HP:0002074; HP:0001249; HP:0002361; HP:0001300; HP:0000739; HP:0003205; HP:0003208; HP:0000007; HP:0000550; HP:0000709,7553855; 7887420; 9450775; 19489875; 10749980; 9311735,DD; Eye,,2015-07-22 16:14:12+00:00
G2P00045,FOXP2,605317,HGNC:13875,CAGH44; SPCH1; TNRC10,FOXP2-related speech-language disorder,602081,,monoallelic_autosomal,,strong,absent gene product,,loss of function,inferred,,HP:0000271; HP:0002134; HP:0007301; HP:0000750; HP:0002546; HP:0000006,2332125; 15877281,DD,,2015-07-22 16:14:12+00:00
G2P00046,DOCK6,614194,HGNC:19189,KIAA1395; ZIR1,DOCK6-related Adams-Oliver syndrome,614219,,biallelic_autosomal,,strong,absent gene product,,loss of function,inferred,,HP:0000347; HP:0000256; HP:0000252; HP:0001250; HP:0002059; HP:0000954; HP:0000568; HP:0000648; HP:0001792; HP:0001263; HP:0002126; HP:0000486; HP:0005280; HP:0006951; HP:0000007; HP:0000294; HP:0000316; HP:0000369; HP:0000411; HP:0000414; HP:0000965; HP:0001562,21820096; 28884918; 30898718; 32498638,DD; Skin; Skeletal,,2025-02-07 12:22:35+00:00
G2P00047,SLC6A3,126455,HGNC:11049,DAT; DAT1,"SLC6A3-related parkinsonism-dystonia, infantile",319029,,biallelic_autosomal,,definitive,absent gene product,,loss of function,inferred,,,,DD,,2015-07-22 16:14:12+00:00
G2P00048,CHAMP1,616327,HGNC:20311,C13ORF8; CAMP; CHAMP; ZNF828,CHAMP1-related neurodevelopmental disorder,616579,,monoallelic_autosomal,,definitive,absent gene product,,loss of function,inferred,,HP:0011844; HP:0002817; HP:0001155; HP:0001167; HP:0011297; HP:0000153; HP:0000271; HP:0000929; HP:0001760; HP:0000366; HP:0000598; HP:0000248; HP:0000159; HP:0001263; HP:0001249; HP:0000400; HP:0000429; HP:0000463,26340335; 26751395; 27148580; 35271727; 36106092,DD,,2022-10-17 18:38:12+00:00
G2P00049,XPC,613208,HGNC:12816,RAD4; XPCC,XPC-related xeroderma pigmentosum,278720,,biallelic_autosomal,,definitive,absent gene product,,loss of function,inferred,,HP:0004334; HP:0001009; HP:0001010; HP:0000992; HP:0000656; HP:0000509; HP:0011463; HP:0000491; HP:0012056; HP:0002671; HP:0003079; HP:0000621; HP:0006739; HP:0001029; HP:0000007; HP:0000613,8298653; 14662655; 11511294; 11121128; 9804340; 19478817,DD; Skin; Cancer,,2017-09-01 16:19:16+00:00
G2P00050,FOXE3,601094,HGNC:3808,FKHL12; FREAC8,FOXE3-related congenital primary aphakia,610256,,biallelic_autosomal,,definitive,absent gene product,,loss of function,inferred,,HP:0007700; HP:0000568; HP:0007707; HP:0007779; HP:0000526; HP:0000007; HP:0000647; HP:0000659,11159941; 16826526; 20361012; 29136273; 20140963; 22204637; 20664696; 27669367; 29878917,DD; Eye,,2018-01-20 15:35:29+00:00
G2P00051,SUMO1,601912,HGNC:12502,GMP1; OFC10; PIC1; SMT3C; SMT3H3; SUMO-1; UBL1,SUMO1-related cleft lip with or without cleft palate,608874,,monoallelic_autosomal,,limited,absent gene product,,loss of function,inferred,,HP:0100333; HP:0100334,16990542,DD,,2025-01-27 16:20:50+00:00
G2P00052,CLN8,607837,HGNC:2079,C8ORF61; EPMR; FLJ39417; TLCD6,CLN8-related neuronal ceroid lipofuscinosis,600143,,biallelic_autosomal,,definitive,absent gene product,,loss of function,inferred,,HP:0003677; HP:0001336; HP:0001268; HP:0001250; HP:0002059; HP:0002069; HP:0001251; HP:0001272; HP:0000529; HP:0000750; HP:0002353; HP:0002074; HP:0001249; HP:0002312; HP:0002376; HP:0002384; HP:0000711; HP:0003205; HP:0000737; HP:0000007,19431184; 16570191; 10508524,DD; Eye,,2015-07-22 16:14:13+00:00
G2P00053,MKKS,604896,HGNC:7108,BBS6,MKKS-related Mckusick-Kaufman syndrome,236700,,biallelic_autosomal,,definitive,absent gene product,,loss of function,inferred,,HP:0000969; HP:0000822; HP:0000077; HP:0001156; HP:0000256; HP:0001159; HP:0000819; HP:0001080; HP:0000137; HP:0000556; HP:0000639; HP:0002167; HP:0000510; HP:0001251; HP:0000518; HP:0007707; HP:0000501; HP:0000365; HP:0000072; HP:0000028; HP:0008734; HP:0001374; HP:0001513; HP:0001007; HP:0001263; HP:0000750; HP:0002099; HP:0010741; HP:0002023; HP:0002089; HP:0002141; HP:0001249; HP:0002251; HP:0002370; HP:0001328; HP:0002564; HP:0001395; HP:0000218; HP:0000486; HP:0001712; HP:0001162; HP:0010442; HP:0001829; HP:0006159; HP:0000545; HP:0000483; HP:0009466; HP:0009806; HP:0000007; HP:0000135; HP:0000054; HP:0000113; HP:0000126; HP:0000143; HP:0000145; HP:0000148; HP:0000668; HP:0000678; HP:0001586; HP:0001773,10802661,DD; Eye,,2017-08-29 10:12:57+00:00
G2P00054,NPHS1,602716,HGNC:7908,CNF; NPHN,NPHS1-related nephrotic syndrome,256300,,biallelic_autosomal,,definitive,absent gene product,,loss of function,inferred,,HP:0003270; HP:0001510; HP:0000969; HP:0003577; HP:0003678; HP:0002719; HP:0000083; HP:0002643; HP:0003077; HP:0000821; HP:0003075; HP:0008677; HP:0001967; HP:0002020; HP:0002021; HP:0003073; HP:0000093; HP:0000092; HP:0000007; HP:0001518,17290294; 11854170; 9660941; 10577936; 10652016,DD,,2015-07-22 16:14:13+00:00
